epiweek,release_date,ili,num_ili,num_patients,wili,num_providers,num_age_0,num_age_1,num_age_2,num_age_3,num_age_4,num_age_5
200001,2013-12-31,5.15025106765725,7272,141197,6.76845599908143,482,1314,2043,3250,,,665
200002,2013-12-31,3.90315606202236,5470,140143,5.52807665009061,467,1011,1746,2251,,,462
200003,2013-12-31,2.91177847231659,3857,132462,3.80508489593453,450,851,1334,1357,,,315
200004,2013-12-31,2.15670093895667,2901,134511,3.41176959786322,433,722,1048,962,,,169
200005,2013-12-31,1.81295406158776,2478,136683,2.40000160503738,441,633,914,786,,,145
200006,2013-12-31,1.61659794489168,2223,137511,1.89119956140188,437,599,862,646,,,116
200007,2013-12-31,1.26701507049101,1668,131648,1.35503091177516,413,539,610,447,,,72
200008,2013-12-31,1.14107079806061,1325,116119,1.33212127238297,382,452,481,328,,,64
200009,2013-12-31,1.23508534127593,1385,112138,1.49127439719471,370,499,477,360,,,49
200010,2013-12-31,1.01932788067868,1088,106737,1.26826077040575,363,381,394,256,,,57
200011,2013-12-31,0.926458626778027,934,100814,1.05853807655725,338,342,342,206,,,44
200012,2013-12-31,0.911005583262135,917,100658,0.92201001170156,326,305,346,229,,,37
200013,2013-12-31,0.823721607684132,837,101612,0.892333809065108,320,282,320,206,,,29
200014,2013-12-31,0.725442781517548,666,91806,0.929201072140371,295,186,286,171,,,23
200015,2013-12-31,0.579774532126395,522,90035,0.655591797603998,289,178,196,127,,,21
200016,2013-12-31,0.451176700039007,347,76910,0.607002118901699,280,107,120,96,,,24
200017,2013-12-31,0.438685208596713,347,79100,0.600003391464843,274,112,141,80,,,14
200018,2013-12-31,0.440516655336506,324,73550,0.547246860306614,257,93,147,77,,,7
200019,2013-12-31,0.351667108089815,239,67962,0.476416622747588,248,67,85,77,,,10
200020,2013-12-31,0.366459731262864,219,59761,0.445917278790444,233,79,65,64,,,11
200040,2013-12-31,1.22865202355802,1041,84727,1.04113363964699,337,206,443,322,,,70
200041,2013-12-31,1.05544959244592,1234,116917,1.28709844063051,451,270,489,389,,,86
200042,2013-12-31,1.1598445615104,1561,134587,1.2829874797529,487,390,617,458,,,96
200043,2013-12-31,1.22687975751731,1781,145165,1.34080729312858,507,411,683,564,,,123
200044,2013-12-31,1.24107356181475,1870,150676,1.05549660151059,526,465,703,564,,,138
200045,2013-12-31,1.43159922928709,2229,155700,1.14135870579713,545,564,849,635,,,181
200046,2013-12-31,1.49426760142288,2449,163893,1.4411050386428,571,572,979,736,,,162
200047,2013-12-31,1.84267504269334,2417,131168,1.957345835489,569,704,913,646,,,154
200048,2013-12-31,1.59761756819543,2854,178641,1.61927860545584,581,673,1085,900,,,196
200049,2013-12-31,1.73473217236415,3097,178529,1.78440202396139,595,710,1232,916,,,239
200050,2013-12-31,2.04537921475276,3394,165935,2.34423392245857,600,677,1455,1077,,,185
200051,2013-12-31,2.4105112923238,3361,139431,2.69527600020011,585,767,1337,1052,,,205
200052,2013-12-31,3.38333917323316,4152,122719,3.8618030703377,587,1059,1335,1496,,,262
200101,2013-12-31,3.22880340384279,4796,148538,3.50499785483142,591,1049,1571,1855,,,321
200102,2013-12-31,3.11951384199865,5544,177720,3.43803554526019,611,1081,2423,1722,,,318
200103,2013-12-31,3.80424317252472,6717,176566,4.39279926783602,617,1395,3223,1806,,,293
200104,2013-12-31,4.18680742697706,7908,188879,4.21338702999335,626,1542,4057,1991,,,318
200105,2013-12-31,3.98649831502473,7287,182792,4.35363988213845,578,1329,3705,1958,,,295
200106,2013-12-31,3.60607174278619,6476,179586,3.69969326753213,566,1370,3017,1731,,,358
200107,2013-12-31,2.8101519063903,4832,171948,2.81921249161801,566,1059,2126,1393,,,254
200108,2013-12-31,2.4156106451891,3923,162402,2.55294130051248,540,834,1566,1278,,,245
200109,2013-12-31,1.73272428673063,2606,150399,1.90166591811706,511,683,1008,752,,,163
200110,2013-12-31,1.64319248826291,2562,155916,1.68032660334871,510,622,934,854,,,152
200111,2013-12-31,1.35802900576621,1943,143075,1.62539726626144,472,524,762,522,,,135
200112,2013-12-31,1.39026591887772,1879,135154,1.45956702845543,460,485,751,507,,,136
200113,2013-12-31,1.2236981852325,1590,129934,1.32375912761136,442,465,575,419,,,131
200114,2013-12-31,1.11908050073506,1256,112235,0.920073256501014,371,288,421,421,,,126
200115,2013-12-31,0.938967136150235,950,101175,0.779256523069471,349,219,344,305,,,82
200116,2013-12-31,0.944307634021595,997,105580,0.991302636885774,342,234,331,344,,,88
200117,2013-12-31,0.742602866389274,771,103824,0.826930031204744,334,198,274,253,,,46
200118,2013-12-31,0.735456203282499,734,99802,0.588951894009596,322,173,265,225,,,71
200119,2013-12-31,0.725154541131717,671,92532,0.605586208138244,293,165,250,196,,,60
200120,2013-12-31,0.670346440745653,470,70113,0.494339755406658,262,94,179,159,,,38
200140,2013-12-31,0.99740441541019,1368,137156,1.41045679588185,607,429,485,372,,,82
200141,2013-12-31,1.09692083584489,1747,159264,1.77019290899842,646,479,628,526,,,114
200142,2013-12-31,1.16790086141756,1932,165425,1.61903812641369,690,562,697,560,,,113
200143,2013-12-31,1.26255971953301,2204,174566,1.77064689785842,710,567,876,643,,,118
200144,2013-12-31,1.30013982946289,2371,182365,1.93890691372956,746,655,883,665,,,168
200145,2013-12-31,1.21837563877021,2327,190992,1.63439405991704,758,626,865,687,,,149
200146,2013-12-31,1.33992969108957,2508,187174,1.90363138170806,770,693,862,811,,,142
200147,2013-12-31,1.47679175823011,2090,141523,1.80556135202641,764,602,643,698,,,147
200148,2013-12-31,1.4104170789086,2566,181932,1.75505696330995,728,638,866,877,,,185
200149,2013-12-31,1.26322218828951,2275,180095,1.53023179092069,762,602,848,676,,,149
200150,2013-12-31,1.26863620146107,2169,170971,1.46160825635238,756,666,780,570,,,153
200151,2013-12-31,1.53452340855507,2278,148450,1.96048274194864,696,707,725,684,,,162
200152,2013-12-31,2.12773952334877,2265,106451,2.20435469237044,691,719,656,718,,,172
200201,2013-12-31,1.94142461859474,2568,132274,2.1347989589969,728,785,752,808,,,223
200202,2013-12-31,1.67397392676437,2875,171747,1.89441106110338,742,837,969,869,,,200
200203,2013-12-31,2.0683100420514,3743,180969,2.8310876240525,749,1067,1533,948,,,195
200204,2013-12-31,2.8730056058646,4797,166968,3.30481032165846,728,1460,2004,1156,,,177
200205,2013-12-31,2.94909011786808,5557,188431,3.61062761294376,729,1556,2351,1415,,,235
200206,2013-12-31,2.92857180051969,5624,192039,3.42799040922213,728,1542,2330,1478,,,274
200207,2013-12-31,3.16382008310101,5924,187242,3.7671509028565,712,1557,2436,1573,,,358
200208,2013-12-31,3.12120686665511,5760,184544,3.60018070562466,708,1509,2359,1544,,,348
200209,2013-12-31,2.73514533138987,5104,186608,3.20024162698388,707,1208,1997,1529,,,370
200210,2013-12-31,2.15301784200134,3631,168647,2.92632694450554,674,848,1558,1007,,,218
200211,2013-12-31,1.92136412334938,2977,154942,2.8585713368964,652,731,1252,832,,,162
200212,2013-12-31,1.62731355241808,2417,148527,2.34744750116675,617,567,1092,607,,,151
200213,2013-12-31,1.46178888084206,2079,142223,2.23498077297822,582,547,913,488,,,131
200214,2013-12-31,1.19369613040499,1655,138645,1.99354910745034,575,397,692,449,,,117
200215,2013-12-31,0.895414924092713,1169,130554,1.37167546820205,551,327,467,292,,,83
200216,2013-12-31,0.817900614630619,1018,124465,1.2703282653525,523,247,442,262,,,67
200217,2013-12-31,0.705896360806593,830,117581,0.999330535411108,504,235,389,155,,,51
200218,2013-12-31,0.61121469825822,672,109945,1.17199672167181,475,209,269,147,,,47
200219,2013-12-31,0.630622188905547,673,106720,1.0347212238185,458,169,302,156,,,46
200220,2013-12-31,0.57357949453307,576,100422,0.703599154244829,449,159,236,142,,,39
200240,2013-12-31,1.16668271327356,2060,176569,1.22262328425065,754,582,805,524,,,149
200241,2013-12-31,1.21649539856725,2267,186355,1.33343810867451,785,683,872,585,,,127
200242,2013-12-31,1.13057167647777,2176,192469,1.31928966890338,831,642,878,543,,,113
200243,2013-12-31,1.25245768919388,2599,207512,1.49483509457726,863,728,1045,672,,,154
200244,2013-12-31,1.30237267481452,2907,223208,1.47194798338554,909,823,1189,741,,,154
200245,2013-12-31,1.40551047268734,3225,229454,1.58094034274748,930,887,1272,886,,,180
200246,2013-12-31,1.38436918895723,3097,223712,1.49426399288307,923,851,1173,898,,,175
200247,2013-12-31,1.32563064632871,2967,223818,1.40568657578992,922,802,1166,817,,,182
200248,2013-12-31,1.43474530490324,2709,188814,1.61410143362832,918,834,978,711,,,186
200249,2013-12-31,1.25432988588025,3049,243078,1.45966820630852,937,857,1117,869,,,206
200250,2013-12-31,1.25757008709853,2957,235136,1.5989593463191,928,804,1179,792,,,182
200251,2013-12-31,1.58017198710328,3416,216179,2.16696908291202,908,951,1404,849,,,212
200252,2013-12-31,1.98008136561159,2857,144287,2.57842339410209,865,915,937,828,,,177
200301,2013-12-31,1.90428346953439,3260,171193,2.38636019217302,879,1028,1019,962,,,251
200302,2013-12-31,1.59010374691382,3729,234513,1.73621011604537,926,1068,1296,1091,,,274
200303,2013-12-31,1.81559058518678,4204,231550,2.06296186343516,902,1154,1798,1011,,,241
200304,2013-12-31,2.41800599407385,5696,235566,2.58113164454626,927,1373,2998,1104,,,221
200305,2013-12-31,2.86635164737275,7079,246969,2.93909470372336,884,1411,4064,1322,,,282
200306,2013-12-31,3.16661987133318,7782,245751,3.22538895555254,889,1606,4447,1421,,,308
200307,2013-12-31,3.01550130885924,7649,253656,3.06981876517271,903,1568,4224,1566,,,291
200308,2013-12-31,2.99780183318817,7228,241110,3.20043606879946,871,1694,3689,1537,,,308
200309,2013-12-31,2.31956736717105,5606,241683,2.44888415228182,857,1336,2583,1400,,,287
200310,2013-12-31,1.94706605585673,4450,228549,2.13439644187,839,1015,2103,1085,,,247
200311,2013-12-31,1.72985244040863,3810,220250,1.99866199516459,835,880,1669,987,,,274
200312,2013-12-31,1.51837091559749,2987,196724,1.9384922126962,795,737,1321,773,,,156
200313,2013-12-31,1.22616420244026,2439,198913,1.412931617186,775,624,1016,640,,,159
200314,2013-12-31,1.05433352915794,2028,192349,1.23472204047999,741,506,846,541,,,135
200315,2013-12-31,1.07108131883961,2082,194383,1.20004644305082,735,569,799,551,,,163
200316,2013-12-31,0.826120499839506,1467,177577,0.910134874667755,669,440,539,382,,,106
200317,2013-12-31,0.820505249530126,1445,176111,0.932265056781007,682,429,508,394,,,114
200318,2013-12-31,0.630846331701935,1075,170406,0.692174767592643,655,275,444,272,,,84
200319,2013-12-31,0.639349581082886,1005,157191,0.669406229595811,613,215,471,245,,,74
200320,2013-12-31,0.586609034901834,836,142514,0.727705269810998,547,248,283,235,,,70
200321,2013-12-31,0.773023566772522,740,95728,0.717700898272022,406,264,262,169,,,45
200322,2013-12-31,0.790743002356192,641,81063,0.78939447962671,393,213,205,179,,,44
200323,2013-12-31,0.711847262612214,563,79090,0.72212915352851,344,201,195,133,,,34
200324,2013-12-31,0.79463747869218,620,78023,0.591326044315954,341,198,187,180,,,55
200325,2013-12-31,0.586603799750381,423,72110,0.523069989732904,322,139,123,127,,,34
200326,2013-12-31,0.615982009414328,441,71593,0.450236282712373,322,122,124,163,,,32
200327,2013-12-31,0.491506823907634,318,64699,0.397421124573079,310,109,91,94,,,24
200328,2013-12-31,0.60434139121855,441,72972,0.448001648298494,308,137,141,120,,,43
200329,2013-12-31,0.524478036584139,365,69593,0.474767361838914,301,98,98,116,,,53
200330,2013-12-31,0.59069237584912,420,71103,0.453251360148873,302,112,139,121,,,48
200331,2013-12-31,0.505135309098033,361,71466,0.352157891381276,290,100,120,102,,,39
200332,2013-12-31,0.634270660328733,443,69844,0.525321592267576,295,136,125,136,,,46
200333,2013-12-31,0.610118400649247,421,69003,0.492990868505658,283,120,131,133,,,37
200334,2013-12-31,0.641226595229274,450,70178,0.542728250368509,277,159,144,120,,,27
200335,2013-12-31,0.661428571428571,463,70000,0.490346815510614,276,166,155,112,,,30
200336,2013-12-31,0.79268106423924,519,65474,0.7359136418127,271,177,182,124,,,36
200337,2013-12-31,0.639059304703476,475,74328,0.581771152720334,267,145,184,122,,,24
200338,2013-12-31,0.636731536857226,461,72401,0.654161864736963,264,136,183,116,,,26
200339,2013-12-31,0.747828771063376,533,71273,0.749504068538055,268,135,221,143,,,34
200340,2013-12-31,0.960872576177285,2442,254144,0.884021204429485,830,808,881,607,,,146
200341,2013-12-31,1.04324930171325,2932,281045,1.02773045591915,931,913,1132,696,,,191
200342,2013-12-31,1.05449560945741,3031,287436,1.28296363238177,974,878,1147,811,,,195
200343,2013-12-31,1.11231322740484,3475,312412,1.3266053697292,1007,1006,1369,884,,,216
200344,2013-12-31,1.4127357069703,4690,331980,1.77304009793384,1074,1207,2080,1127,,,276
200345,2013-12-31,1.7270281395224,5790,335258,2.43813612052152,1111,1542,2735,1249,,,264
200346,2013-12-31,2.40699967562199,8385,348359,2.72604531913952,1141,2185,4133,1757,,,310
200347,2013-12-31,3.10962249668551,11141,358275,3.7319220656804,1129,2561,5684,2425,,,471
200348,2013-12-31,4.30778938718009,11742,272576,4.54893751799399,1118,3247,4933,2890,,,672
200349,2013-12-31,4.83029719022928,18948,392274,5.39906425638487,1189,4734,7817,5330,,,1067
200350,2013-12-31,6.42904790235636,24962,388269,7.38735357389034,1173,6620,11550,5573,,,1219
200351,2013-12-31,6.867344543708,23699,345097,7.48097137314648,1148,6434,9851,5906,,,1508
200352,2013-12-31,7.0649554109424,16415,232344,7.62796725730726,1122,5336,5231,4517,,,1331
200353,2013-12-31,4.55115023775864,11332,248992,5.14051498879727,1139,3391,2894,3827,,,1220
200401,2013-12-31,2.41833121785022,7602,314349,2.89129419229667,1160,1930,2299,2605,,,768
200402,2013-12-31,1.80905597283338,5583,308614,2.10428983637694,1141,1679,1857,1586,,,461
200403,2013-12-31,1.7120238530717,4961,289774,1.8869563898866,1084,1721,1604,1276,,,360
200404,2013-12-31,1.54249511450488,4436,287586,1.77659664241317,1071,1487,1543,1067,,,339
200405,2013-12-31,1.43786826136663,4251,295646,1.46000622974468,1054,1454,1448,1047,,,302
200406,2013-12-31,1.32427396956663,3824,288762,1.37786947617157,986,1420,1297,889,,,218
200407,2013-12-31,1.30725667352584,3691,282347,1.30532339707921,1004,1301,1255,876,,,259
200408,2013-12-31,1.03697697740414,2916,281202,1.08691103879546,948,956,1038,719,,,203
200409,2013-12-31,1.01032043800189,2744,271597,0.991887735220218,894,925,910,682,,,227
200410,2013-12-31,1.05249247942043,2708,257294,1.02765319840718,897,878,888,764,,,178
200411,2013-12-31,1.0200900730921,2487,243802,1.05789602071851,849,730,826,756,,,175
200412,2013-12-31,0.924418721488716,2300,248805,0.849361020491385,859,760,733,628,,,179
200413,2013-12-31,0.790645026766185,1858,234998,0.747126665292176,828,610,611,495,,,142
200414,2013-12-31,0.802609776304888,1705,212432,0.661707853318756,774,583,566,440,,,116
200415,2013-12-31,0.836129994550096,1749,209178,0.679513857897956,755,545,573,500,,,131
200416,2013-12-31,0.792435795527031,1615,203802,0.633070762506447,679,501,511,461,,,142
200417,2013-12-31,0.683587731372106,1331,194708,0.569893715038825,658,470,404,349,,,108
200418,2013-12-31,0.757452265293037,1394,184038,0.591356768666246,629,435,491,383,,,85
200419,2013-12-31,0.788585419192279,1327,168276,0.589043559956717,599,449,443,361,,,74
200420,2013-12-31,0.812170980654628,1262,155386,0.678640493481165,553,451,380,337,,,94
200421,2013-12-31,0.804462889450259,1070,133008,0.637558475854445,463,375,349,280,,,66
200422,2013-12-31,0.877700936434929,1061,120884,0.813309180414927,452,391,308,289,,,73
200423,2013-12-31,0.741453007504676,987,133117,0.834551050052394,443,355,309,257,,,66
200424,2013-12-31,0.661022215317695,851,128740,0.616174060980419,426,307,240,258,,,46
200425,2013-12-31,0.715109201286713,887,124037,0.513285742502196,423,277,284,245,,,81
200426,2013-12-31,0.562241232097691,698,124146,0.351881074467375,408,238,183,215,,,62
200427,2013-12-31,0.786808218267249,710,90238,0.542621107164969,381,233,205,210,,,62
200428,2013-12-31,0.860657847325887,836,97135,0.581036192538807,378,249,280,227,,,80
200429,2013-12-31,0.689943987855311,659,95515,0.495486300239858,370,259,200,162,,,38
200430,2013-12-31,0.779691159885486,719,92216,0.612090360269777,363,260,230,189,,,40
200431,2013-12-31,0.6281439332265,733,116693,0.531490547922895,345,213,235,225,,,60
200432,2013-12-31,0.902458614073446,809,89644,0.51998671084002,334,243,256,247,,,63
200433,2013-12-31,0.806443166703323,770,95481,0.574475754137559,335,256,256,200,,,58
200434,2013-12-31,0.874887764711035,799,91326,0.663175351255024,333,259,265,231,,,44
200435,2013-12-31,0.993213044197981,960,96656,0.614691037252002,326,279,358,252,,,71
200436,2013-12-31,0.876140758298387,913,104207,0.656822919932555,337,281,309,263,,,60
200437,2013-12-31,0.948091564351081,1122,118343,0.723015723700438,341,342,413,299,,,68
200438,2013-12-31,0.926942621485662,1089,117483,0.691857240149956,336,322,416,268,,,83
200439,2013-12-31,0.97164299955597,1116,114857,0.782757764472338,364,333,382,319,,,82
200440,2013-12-31,0.897159137527621,3171,353449,0.982275251246415,1176,877,1256,853,,,185
200441,2013-12-31,1.02248279435452,3631,355116,1.01821254355417,1187,1071,1373,971,,,216
200442,2013-12-31,1.06296317846885,4019,378094,1.17680497469443,1267,1240,1534,1019,,,226
200443,2013-12-31,1.14695698058128,4369,380921,1.30121171361561,1293,1190,1671,1223,,,285
200444,2013-12-31,1.20495006513244,4551,377692,1.27745564951796,1302,1327,1718,1215,,,291
200445,2013-12-31,1.30516550307577,4969,380718,1.40386862523137,1344,1497,1874,1279,,,319
200446,2013-12-31,1.28699164733898,4983,387182,1.40301008402851,1336,1531,1874,1279,,,299
200447,2013-12-31,1.59467561733199,4713,295546,1.73974780401595,1341,1490,1678,1274,,,271
200448,2013-12-31,1.39714318198262,5407,387004,1.56894071647437,1369,1538,2059,1434,,,376
200449,2013-12-31,1.44995672568357,5428,374356,1.65927173784707,1346,1551,2052,1450,,,375
200450,2013-12-31,1.61745445551789,5755,355806,1.8134111594715,1379,1670,2071,1643,,,371
200451,2013-12-31,2.19111920782317,5689,259639,2.37625578879506,1288,1856,1807,1608,,,418
200452,2013-12-31,2.5664893148154,7279,283617,2.77052472140324,1332,2252,1993,2413,,,621
200501,2013-12-31,2.17644909393566,8041,369455,2.40064287277021,1383,2010,2450,2869,,,712
200502,2013-12-31,2.20171206060991,8323,378024,2.5415463783658,1342,2188,2982,2542,,,611
200503,2013-12-31,2.53012113551663,9328,368678,2.85870638979955,1348,2199,3682,2839,,,608
200504,2013-12-31,3.06523809758818,12422,405254,3.55010575773556,1334,2747,5364,3586,,,725
200505,2013-12-31,3.98060830145634,16192,406772,4.58591287085604,1303,3086,7650,4498,,,958
200506,2013-12-31,4.59568026460337,19369,421461,5.05808649712821,1324,3626,8854,5757,,,1132
200507,2013-12-31,4.75197055022817,19931,419426,5.44150703292525,1330,3834,8400,6515,,,1182
200508,2013-12-31,4.1796206422491,16630,397883,4.47290381550454,1280,3720,6759,5125,,,1026
200509,2013-12-31,3.45358511049176,13234,383196,3.67520020609373,1268,2997,5343,4058,,,836
200510,2013-12-31,3.15852237456846,11601,367292,3.33529975560688,1227,2728,4494,3634,,,745
200511,2013-12-31,2.67320103304506,9502,355454,2.76223957427527,1185,2416,3513,2969,,,604
200512,2013-12-31,2.35161040662023,7900,335940,2.46844399772953,1148,2145,2771,2434,,,550
200513,2013-12-31,1.89242849197759,6329,334438,2.00080734472694,1103,1827,2133,1979,,,390
200514,2013-12-31,1.52490477260997,4816,315823,1.54318952284238,1048,1422,1737,1327,,,330
200515,2013-12-31,1.41134409489821,4445,314948,1.50195086621046,1000,1356,1603,1169,,,317
200516,2013-12-31,1.25068256205184,3825,305833,1.2291781100798,978,1096,1469,954,,,306
200517,2013-12-31,1.20702497806763,3646,302065,1.21853900516301,971,1117,1411,894,,,224
200518,2013-12-31,1.07895496535797,2990,277120,1.15831519645582,923,903,1136,762,,,189
200519,2013-12-31,1.14520795866301,3012,263009,1.24900074402246,878,979,1115,710,,,208
200520,2013-12-31,1.06124263084187,2531,238494,1.16887834051687,825,805,926,600,,,200
200521,2013-12-31,1.0567977383706,2056,194550,1.07887841848831,687,687,695,518,,,156
200522,2013-12-31,1.25193097977466,2099,167661,1.23059339195328,637,693,678,568,,,160
200523,2013-12-31,1.01418934635962,1744,171960,1.14747488346169,603,548,594,462,,,140
200524,2013-12-31,1.04196928321035,1614,154899,1.00254284822828,582,573,507,409,,,125
200525,2013-12-31,0.954027366755545,1628,170645,0.957569141019123,587,580,507,431,,,110
200526,2013-12-31,0.848229889648974,1359,160216,0.894837476411189,550,497,452,326,,,84
200527,2013-12-31,0.841871512698346,1198,142302,0.798205215029949,533,426,390,313,,,69
200528,2013-12-31,0.730893625690784,1148,157068,0.757812481860001,524,389,361,323,,,75
200529,2013-12-31,0.713431619449696,1068,149699,0.825963378390184,507,333,364,303,,,68
200530,2013-12-31,0.670677180717015,990,147612,0.74492697915824,492,328,327,279,,,56
200531,2013-12-31,0.689277592161047,982,142468,0.787049224654512,488,331,326,267,,,58
200532,2013-12-31,0.704928990290861,1023,145121,0.684723769631078,479,319,350,297,,,57
200533,2013-12-31,0.615903313798756,928,150673,0.747360921616147,480,330,326,225,,,47
200534,2013-12-31,0.609425606451186,922,151290,0.6739744591204,428,292,311,265,,,54
200535,2013-12-31,0.680258669511504,1033,151854,0.869661601073597,420,342,367,273,,,51
200536,2013-12-31,0.775488426145874,1061,136817,0.899528963767326,416,338,396,264,,,63
200537,2013-12-31,0.683421369906812,1026,150127,0.85463462900034,408,302,383,289,,,52
200538,2013-12-31,0.781074794799669,1219,156067,1.01122644469238,419,368,516,285,,,50
200539,2013-12-31,0.806943467041989,1204,149205,0.977808466574538,447,381,484,276,,,63
200540,2013-12-31,1.07634678416636,3586,333164,1.17777652523357,1113,1172,1256,924,,,234
200541,2013-12-31,1.05868896356656,3582,338343,1.21946603028022,1160,1285,1247,853,,,197
200542,2013-12-31,1.11523258362215,4122,369609,1.30689746064219,1216,1393,1525,992,,,212
200543,2013-12-31,1.12381249685846,4248,377999,1.33930904005386,1237,1439,1599,997,,,213
200544,2013-12-31,1.25488917861799,5005,398840,1.58374139418663,1280,1639,1894,1190,,,282
200545,2013-12-31,1.33660897156987,5038,376924,1.47072276224058,1272,1563,1929,1251,,,295
200546,2013-12-31,1.37863636244862,5276,382697,1.6111954542992,1277,1679,1951,1331,,,315
200547,2013-12-31,1.6082899610822,4802,298578,1.82699400226217,1301,1666,1593,1249,,,294
200548,2013-12-31,1.48310562217847,5966,402264,1.77481619353609,1325,1858,2176,1583,,,349
200549,2013-12-31,1.6537399285655,6371,385248,1.94450687873534,1328,1987,2463,1534,,,387
200550,2013-12-31,2.00678924150302,7697,383548,2.35511513433343,1318,2241,3063,1997,,,396
200551,2013-12-31,2.56857160825465,8577,333921,3.10877514295907,1287,2696,3058,2293,,,530
200552,2013-12-31,3.05277622411424,8842,289638,3.28237612218792,1273,2678,2561,2882,,,721
200601,2013-12-31,2.42503729596273,8339,343871,2.62913989323568,1319,2422,2366,2817,,,734
200602,2013-12-31,2.00195064462709,7882,393716,2.2514950898881,1339,2272,2921,2155,,,534
200603,2013-12-31,2.05869022449627,7858,381699,2.35857650224821,1297,2249,3150,1999,,,460
200604,2013-12-31,2.21276967675208,9114,411882,2.41881416012057,1331,2643,3646,2281,,,544
200605,2013-12-31,2.32220009676847,9551,411291,2.52752209008567,1320,2612,4153,2288,,,498
200606,2013-12-31,2.49279201312021,10427,418286,2.64953752241428,1311,2754,4593,2543,,,537
200607,2013-12-31,2.79489420182691,11226,401661,3.12935321174658,1288,2624,4979,2992,,,631
200608,2013-12-31,2.96911136225853,11901,400827,3.12441940531803,1288,2753,5284,3073,,,791
200609,2013-12-31,2.83959054621375,11343,399459,3.1309913073712,1275,2579,5008,2989,,,767
200610,2013-12-31,2.77799020635723,11261,405365,3.08260941629766,1257,2564,5106,2913,,,678
200611,2013-12-31,2.47286926580559,9322,376971,2.64430666309926,1241,2330,4154,2231,,,607
200612,2013-12-31,2.18061459583996,8064,369804,2.4229452745597,1217,1895,3709,1919,,,541
200613,2013-12-31,2.01679513520222,7313,362605,2.31140580935315,1165,1697,3393,1745,,,478
200614,2013-12-31,1.64101332143613,5738,349662,1.86383228328006,1133,1437,2660,1299,,,342
200615,2013-12-31,1.35828653363604,4547,334760,1.44943499081609,1087,1181,2014,1067,,,285
200616,2013-12-31,1.14279827839854,3550,310641,1.30227305560176,1045,959,1479,873,,,239
200617,2013-12-31,1.04031251944242,3177,305389,1.13458887059723,1017,836,1382,779,,,180
200618,2013-12-31,0.964346915130534,2780,288278,1.06255175777012,958,745,1208,637,,,190
200619,2013-12-31,0.937981746991004,2592,276338,1.03428423214495,919,745,1039,621,,,187
200620,2013-12-31,0.947449339946228,2428,256267,1.01790987567817,877,715,969,582,,,162
200621,2013-12-31,0.891918208373905,2061,231075,0.918150851577594,783,699,764,452,,,146
200622,2013-12-31,0.864642684439585,1645,190252,0.930990335979425,649,572,561,404,,,108
200623,2013-12-31,0.9703199016119,2075,213847,0.857294424083551,635,754,626,564,,,131
200624,2013-12-31,0.844390120045113,1430,169353,0.7862941262584,615,514,447,388,,,81
200625,2013-12-31,0.774870358228527,1300,167770,0.719426395049861,610,463,409,328,,,100
200626,2013-12-31,0.821372486929773,1271,154741,0.718868380093732,572,466,390,323,,,92
200627,2013-12-31,0.872744512125043,1215,139216,0.774806970487722,565,437,402,305,,,71
200628,2013-12-31,0.922634500938611,1617,175259,0.765980254100246,577,549,511,449,,,108
200629,2013-12-31,0.899486834941559,1553,172654,0.642808854132611,564,541,440,460,,,112
200630,2013-12-31,0.843082378709128,1455,172581,0.6220327694809,564,502,403,422,,,128
200631,2013-12-31,0.881824413197725,1428,161937,0.616325939668562,551,508,430,402,,,88
200632,2013-12-31,0.817145169737657,1373,168024,0.685693571560128,547,473,435,383,,,82
200633,2013-12-31,0.871500092712776,1457,167183,0.622697338188391,536,510,466,390,,,91
200634,2013-12-31,0.738620506130291,1138,154071,0.611817261854043,503,404,379,279,,,76
200635,2013-12-31,0.797965969098377,1224,153390,0.638830539861845,488,398,457,292,,,77
200636,2013-12-31,1.01393730637817,1463,144289,0.806627170384198,491,492,506,396,,,69
200637,2013-12-31,0.880935822008358,1406,159603,0.762448355718674,487,446,521,361,,,78
200638,2013-12-31,0.943366301458507,1487,157627,0.813406299730023,455,511,534,362,,,80
200639,2013-12-31,0.891546176243685,1433,160732,0.807934420623137,469,476,512,364,,,81
200640,2013-12-31,1.2032228135098,4513,375076,1.15383912677735,1323,1434,1699,1116,,,264
200641,2013-12-31,1.05788215733139,4072,384920,1.14818819361098,1361,1278,1602,992,,,200
200642,2013-12-31,1.13053543513801,4737,419005,1.22735991517567,1425,1543,1830,1099,,,265
200643,2013-12-31,1.12552298364906,4888,434287,1.2174439456118,1445,1582,1996,1086,,,224
200644,2013-12-31,1.20808202382931,5380,445334,1.32813200398375,1473,1672,2270,1157,,,281
200645,2013-12-31,1.34952440201275,6139,454901,1.47754109094703,1497,2112,2393,1320,,,314
200646,2013-12-31,1.46890041745145,6668,453945,1.5339010935533,1474,2355,2681,1342,,,290
200647,2013-12-31,1.82767158914798,6156,336822,1.91269413807369,1488,2188,2202,1409,,,357
200648,2013-12-31,1.66560124223328,7530,452089,1.83799931698105,1486,2573,2792,1774,,,391
200649,2013-12-31,1.85968342793555,8122,436741,1.95375577107413,1493,2643,3244,1804,,,431
200650,2013-12-31,2.38891301700228,10396,435177,2.40407467721142,1492,3270,4470,2177,,,479
200651,2013-12-31,2.78977593106582,10192,365334,2.8745267683527,1435,3387,4065,2237,,,503
200652,2013-12-31,3.11548584871036,8913,286087,3.02596786415656,1359,3243,2868,2216,,,586
200701,2013-12-31,2.26942447113966,8386,369521,2.37817014785681,1490,2927,2481,2394,,,584
200702,2013-12-31,1.86354642898306,7761,416464,2.09232293131677,1467,2507,2756,2018,,,480
200703,2013-12-31,1.99986345602905,7909,395477,2.2939591519265,1470,2548,3248,1701,,,412
200704,2013-12-31,2.44060441272396,10888,446119,2.74500907198702,1495,3410,4684,2257,,,537
200705,2013-12-31,2.83018207037626,12120,428241,3.04433966702088,1472,3456,5648,2559,,,457
200706,2013-12-31,3.12342558186094,14197,454533,3.49998683172266,1484,3840,6995,2910,,,452
200707,2013-12-31,3.27019486921318,14031,429057,3.57850964552411,1461,3879,6668,2955,,,529
200708,2013-12-31,3.17756882508216,14048,442099,3.28978609422107,1460,3728,6537,3175,,,608
200709,2013-12-31,2.72363662380764,11801,433281,2.89149161110763,1428,3016,5429,2778,,,578
200710,2013-12-31,2.50201398699373,10715,428255,2.62074751563249,1408,2798,4937,2533,,,447
200711,2013-12-31,2.42719919877388,9597,395394,2.53387108275255,1361,2668,4031,2426,,,472
200712,2013-12-31,1.9604132370669,7562,385735,2.07251264037408,1333,2049,3307,1857,,,349
200713,2013-12-31,1.59139796079487,6148,386327,1.87084370928676,1303,1664,2508,1625,,,351
200714,2013-12-31,1.36978353662748,4958,361955,1.40042142043255,1284,1445,1803,1379,,,331
200715,2013-12-31,1.36316678005392,4869,357183,1.46887378467638,1240,1429,1821,1274,,,345
200716,2013-12-31,1.17369507519906,4179,356055,1.15513661856722,1206,1257,1523,1112,,,287
200717,2013-12-31,1.0635756290064,3695,347413,1.07901266857705,1152,1152,1386,937,,,220
200718,2013-12-31,0.969711103617587,3077,317311,0.984919500880424,1119,969,1143,755,,,210
200719,2013-12-31,0.965361740621477,2860,296262,1.0332476590855,1057,917,1055,713,,,175
200720,2013-12-31,0.856748915030295,2442,285031,0.926649487991465,1025,815,861,590,,,176
200721,2013-12-31,0.86334645866291,2243,259803,0.920100404689537,925,761,785,561,,,136
200722,2013-12-31,0.935369511862558,2058,220020,0.954094069567869,831,722,652,554,,,130
200723,2013-12-31,0.745569434761564,1679,225197,0.763277995033034,796,628,510,422,,,119
200724,2013-12-31,0.740428108742924,1614,217982,0.817220025397381,771,598,469,413,,,134
200725,2013-12-31,0.672896505189992,1456,216378,0.764586084184721,749,521,441,394,,,100
200726,2013-12-31,0.666282009011979,1455,218376,0.793127059425127,742,514,408,431,,,102
200727,2013-12-31,0.66274725461627,1169,176387,0.669089515515112,711,394,360,313,,,102
200728,2013-12-31,0.545618971061093,1086,199040,0.621150419793594,697,366,372,296,,,52
200729,2013-12-31,0.586230600172335,1211,206574,0.603659013150159,698,446,345,335,,,85
200730,2013-12-31,0.660686704898144,1356,205241,0.649058493453503,691,477,392,391,,,96
200731,2013-12-31,0.534092840477748,1037,194161,0.568338364043286,677,321,311,344,,,61
200732,2013-12-31,0.585549127172078,1172,200154,0.651546018677327,667,389,385,320,,,78
200733,2013-12-31,0.618074959051932,1283,207580,0.652175701176833,666,439,411,338,,,95
200734,2013-12-31,0.687464689097892,1448,210629,0.803848519755413,671,495,457,408,,,88
200735,2013-12-31,0.715696068361638,1526,213219,0.787458252030398,652,502,500,416,,,108
200736,2013-12-31,0.82931306835162,1554,187384,0.943262693979476,641,519,545,417,,,73
200737,2013-12-31,0.800911545135195,1694,211509,0.946931879596518,638,496,682,417,,,99
200738,2013-12-31,0.918483949336944,1913,208278,0.987145583548856,632,609,681,502,,,121
200739,2013-12-31,0.81425903524192,2228,273623,1.05206476962465,703,729,788,583,,,128
200740,2013-12-31,1.07197084148096,5641,526227,0.995183767966289,1373,2187,1997,1167,,,290
200741,2013-12-31,1.2178573723461,6444,529126,1.22003049402253,1429,2387,2433,1321,,,303
200742,2013-12-31,1.24575535023296,6941,557172,1.28547821389234,1449,2583,2551,1455,,,352
200743,2013-12-31,1.35984488183215,7434,546680,1.37750486928409,1477,2871,2788,1400,,,375
200744,2013-12-31,1.44670848686904,7915,547104,1.46724534644602,1485,3074,2998,1475,,,368
200745,2013-12-31,1.53286384562312,8687,566717,1.55840590169511,1539,3398,3303,1609,,,377
200746,2013-12-31,1.66653242635699,9104,546284,1.61958073873427,1516,3563,3290,1780,,,471
200747,2013-12-31,1.97487734790333,8570,433951,1.81120431671438,1523,3651,2631,1812,,,476
200748,2013-12-31,1.67305471587623,9171,548159,1.61864710434124,1513,3679,3158,1921,,,413
200749,2013-12-31,1.63405086167322,8436,516263,1.6212371343592,1487,3365,2907,1772,,,392
200750,2013-12-31,1.74594748562846,8091,463416,1.67351332327587,1453,3298,2694,1697,,,402
200751,2013-12-31,1.93643191947984,8750,451862,1.95095708187996,1420,3580,2724,1987,,,459
200752,2013-12-31,2.48905342153973,8902,357646,2.50018838414231,1426,3848,2348,2184,,,522
200801,2013-12-31,2.25404839260293,9706,430603,2.43938754845282,1486,3737,2568,2731,,,670
200802,2013-12-31,2.09147153792309,11115,531444,2.29319128031765,1509,3393,3644,3262,,,816
200803,2013-12-31,2.35934278076315,12197,516966,2.62906608636993,1511,3664,4900,3038,,,595
200804,2013-12-31,3.32331429522551,17171,516683,3.92965622436593,1508,4289,7661,4499,,,722
200805,2013-12-31,4.43381003522102,24812,559609,4.99201605070683,1514,5222,11974,6595,,,1021
200806,2013-12-31,5.34547136546158,31896,596692,5.7775955674872,1526,6059,15323,9212,,,1302
200807,2013-12-31,5.4225750587267,31625,583210,5.98317540961851,1518,6244,14336,9487,,,1558
200808,2013-12-31,5.30303295963418,30245,570334,5.61676753847431,1497,5922,12783,9812,,,1728
200809,2013-12-31,4.24455502301459,25027,589626,4.53234005967958,1453,4978,9958,8583,,,1508
200810,2013-12-31,3.62800012180508,20254,558269,3.83248629085351,1445,4420,7849,6781,,,1204
200811,2013-12-31,3.03462750737142,16714,550776,3.21521811334386,1412,3878,6112,5676,,,1048
200812,2013-12-31,2.53595355937807,13040,514205,2.69244647153937,1395,3153,4493,4520,,,874
200813,2013-12-31,2.05730147714881,10376,504350,2.03365583503679,1379,2689,3395,3496,,,796
200814,2013-12-31,1.74150350005073,8583,492850,1.65275048296605,1327,2372,2697,2872,,,642
200815,2013-12-31,1.40652170874918,7045,500881,1.31129636420394,1318,2045,2354,2160,,,486
200816,2013-12-31,1.26860703650141,6079,479187,1.16519708112907,1288,1857,2013,1802,,,407
200817,2013-12-31,1.07718873964785,4953,459808,1.02034763369206,1208,1572,1713,1345,,,323
200818,2013-12-31,0.99344523703688,4224,425187,0.877607227554611,1147,1466,1416,1107,,,235
200819,2013-12-31,0.911211927766406,4011,440183,0.825106625665561,1098,1356,1381,1066,,,208
200820,2013-12-31,0.972109133194389,3904,401601,0.787314875112876,1074,1439,1274,980,,,211
200821,2013-12-31,0.993257508683512,3646,367075,0.805438572693894,945,1393,1116,926,,,211
200822,2013-12-31,1.09132023060345,3803,348477,0.886061331874823,869,1473,1083,1004,,,243
200823,2013-12-31,0.888445961705647,2933,330127,0.743742683096117,789,1159,906,729,,,139
200824,2013-12-31,0.887691452380516,2906,327366,0.706842044861421,764,1113,886,720,,,187
200825,2013-12-31,0.883187430272632,2842,321789,0.655943481999601,755,1115,855,712,,,160
200826,2013-12-31,0.826756367883745,2534,306499,0.63349176705577,730,937,810,654,,,133
200827,2013-12-31,0.783201388594894,2405,307073,0.571837180694024,713,913,762,575,,,155
200828,2013-12-31,0.780610295321797,2431,311423,0.558278240857383,710,881,749,669,,,132
200829,2013-12-31,0.769072602576178,2319,301532,0.59789328191094,696,826,703,619,,,171
200830,2013-12-31,0.72129793667497,2166,300292,0.577221624227943,694,779,704,552,,,131
200831,2013-12-31,0.75252732801841,2289,304175,0.596987365404301,676,788,763,599,,,139
200832,2013-12-31,0.752720984640423,2220,294930,0.56465287318114,668,679,706,619,,,216
200833,2013-12-31,0.792766010157315,2368,298701,0.585681702597665,657,789,745,650,,,184
200834,2013-12-31,0.7438961937256,2237,300714,0.503985402973617,657,730,754,619,,,134
200835,2013-12-31,0.814166292375864,2429,298342,0.468139143858092,636,794,892,616,,,127
200836,2013-12-31,0.838400872127685,2461,293535,0.576454849136825,666,774,880,663,,,144
200837,2013-12-31,0.851123586930307,2788,327567,0.681360615375637,685,859,994,758,,,177
200838,2013-12-31,1.10975754694557,3735,336560,0.794763739412068,679,1062,1527,958,,,188
200839,2013-12-31,1.03114356854527,3400,329731,0.868115785409026,716,983,1306,932,,,179
200840,2013-12-31,1.02284356626541,5687,555999,1.06828136522751,1435,1535,2352,1476,,,324
200841,2013-12-31,1.0301739488215,5959,578446,1.00755640865393,1500,1861,2291,1485,,,322
200842,2013-12-31,1.01244781927051,5896,582351,0.979398906443081,1525,1869,2219,1467,,,341
200843,2013-12-31,1.08359107261313,6485,598473,1.04942944896004,1527,1976,2474,1668,,,367
200844,2013-12-31,1.1657765252952,6987,599343,1.13218246937968,1545,2119,2547,1869,,,452
200845,2013-12-31,1.19129636946024,7297,612526,1.13156087725251,1555,2276,2668,1981,,,372
200846,2013-12-31,1.28074703283303,7667,598635,1.15469317831331,1555,2512,2854,1889,,,412
200847,2013-12-31,1.27052506711619,7733,608646,1.20448041075936,1563,2600,2828,1893,,,412
200848,2013-12-31,1.5957824852734,7634,478386,1.36081326766458,1523,3024,2412,1741,,,457
200849,2013-12-31,1.45849942718557,8708,597052,1.30321908134958,1551,3114,2913,2212,,,469
200850,2013-12-31,1.49920717493741,8689,579573,1.30204227865501,1543,3252,3024,1974,,,439
200851,2013-12-31,1.62981569646873,7812,479318,1.45108668034987,1416,3137,2579,1640,,,456
200852,2013-12-31,2.15561211857105,8706,403876,1.79927367652229,1484,3897,2367,1947,,,495
200853,2013-12-31,2.02052703273991,8603,425780,2.12133663329022,1490,3814,2042,2163,,,584
200901,2013-12-31,1.54566227382867,8956,579428,1.47137840370282,1539,3245,2548,2606,,,557
200902,2013-12-31,1.64223672323476,9289,565631,1.6155496111202,1512,3142,3345,2329,,,473
200903,2013-12-31,1.96523779789066,11456,582932,1.95332602587433,1566,3602,4597,2821,,,436
200904,2013-12-31,2.34367841669176,14324,611176,2.42906504047013,1554,4039,6602,3215,,,468
200905,2013-12-31,2.86057440108485,18268,638613,2.96686053291814,1580,4606,8882,4240,,,540
200906,2013-12-31,3.34210493842395,21667,648304,3.57353697615211,1569,5064,11215,4636,,,752
200907,2013-12-31,3.20565881556174,20022,624583,3.36652900665455,1543,4848,9851,4685,,,638
200908,2013-12-31,3.10049077206011,20450,659573,3.29619584830173,1544,4694,10092,5007,,,657
200909,2013-12-31,2.95818501770163,18441,623389,3.17226797580573,1534,4420,9116,4272,,,633
200910,2013-12-31,2.46380584375666,15711,637672,2.58040499453689,1524,4046,7446,3601,,,618
200911,2013-12-31,2.19272241425724,13277,605503,2.42922285573919,1494,3657,6036,3002,,,582
200912,2013-12-31,1.8739459054282,11400,608342,1.99027929209984,1470,3237,5052,2661,,,450
200913,2013-12-31,1.64816901360434,9669,586651,1.72422584359491,1440,2829,4283,2158,,,399
200914,2013-12-31,1.49877759274351,8460,564460,1.60354839431917,1422,2577,3407,2085,,,391
200915,2013-12-31,1.29232674286062,7222,558837,1.2841784961947,1415,2371,2761,1727,,,363
200916,2013-12-31,1.27164108847493,7348,577836,1.29320023073958,1445,2353,2855,1743,,,397
200917,2013-12-31,2.98158896426319,18627,624734,2.74012331225323,1405,4821,8043,5093,,,670
200918,2013-12-31,2.43702241264885,14578,598189,2.22391145123621,1422,3920,6221,3875,,,562
200919,2013-12-31,2.28130110848628,12554,550300,1.76656838942395,1372,3236,5888,3018,,,412
200920,2013-12-31,3.81571986951538,20774,544432,1.92170567241312,1331,4188,12026,4136,,,424
200921,2013-12-31,4.21315231992414,22394,531526,1.86110425685729,1314,4496,12461,4950,,,487
200922,2013-12-31,3.17832237349422,17105,538177,1.68422773140478,1305,3865,8615,4213,,,412
200923,2013-12-31,2.50971623923315,12392,493761,1.73930292858566,1296,3072,5660,3276,,,384
200924,2013-12-31,2.06631768005045,10780,521701,1.83001431081168,1280,2623,4740,3084,,,333
200925,2013-12-31,1.71804602278495,8801,512268,1.581280179284,1279,2299,3700,2476,,,326
200926,2013-12-31,1.55964671543277,7422,475877,1.49172467570645,1237,2145,2893,2023,,,361
200927,2013-12-31,1.30856286926854,6290,480680,1.38899504262634,1246,1701,2481,1815,,,293
200928,2013-12-31,1.18694598241473,5964,502466,1.34702058135752,1248,1581,2437,1708,,,238
200929,2013-12-31,1.1379623033865,5735,503971,1.16056441078711,1248,1608,2285,1611,,,231
200930,2013-12-31,1.1500522844604,5587,485804,1.20850078834848,1254,1519,2199,1575,,,294
200931,2013-12-31,1.11261894311268,5526,496666,1.15544127671425,1230,1651,2082,1530,,,263
200932,2013-12-31,1.16141884000403,5877,506019,1.14517885143283,1234,1645,2321,1646,,,265
200933,2013-12-31,1.64107138596288,8941,544827,1.46639614432285,1286,2167,4210,2168,,,396
200934,2013-12-31,2.4716597952849,14556,588916,2.3801716181174,1320,2883,8253,2977,,,443
200935,2013-12-31,3.71969364359237,21350,573972,3.4468130993167,1358,3713,13114,3982,,,541
200936,2013-12-31,3.94974798713588,22561,571201,4.05314873784874,1367,4087,13407,4547,,,520
200937,2013-12-31,4.08756356708893,26091,638302,4.26620869255677,1380,4445,15326,5668,,,652
200938,2013-12-31,4.01897236319651,24454,608464,4.21579403010223,1313,4462,14152,5252,,,588
200939,2013-12-31,4.6036164087208,27919,606458,4.88609794072285,1331,4974,16291,6090,,,564
200940,2013-12-31,5.66086706432251,48420,855346,6.06922886681801,2056,9302,27406,,8554,2255,903
200941,2013-12-31,6.81522217746091,58196,853912,7.09466802852612,2134,11527,32585,,10271,2800,1013
200942,2013-12-31,7.61889213445467,69068,906536,7.71510229753135,2162,13187,39364,,12399,3048,1070
200943,2013-12-31,7.38835858754422,66411,898860,7.55134381192465,2167,13174,36860,,12166,3083,1128
200944,2013-12-31,6.33927231286655,57017,899425,6.67117818911313,2197,12161,30860,,10250,2672,1074
200945,2013-12-31,4.94349498118813,42729,864348,5.20632628751353,2191,10151,21112,,8174,2314,978
200946,2013-12-31,3.80996119744316,32520,853552,4.04477479873624,2157,8979,14652,,6163,1843,883
200947,2013-12-31,3.44105879673017,22508,654101,3.49721728420123,2146,7716,8237,,4378,1406,771
200948,2013-12-31,2.6677306488245,21730,814550,2.69022729135581,2122,7195,7988,,4259,1470,818
200949,2013-12-31,2.47182503188111,19325,781811,2.47118784478882,2093,6490,7218,,3588,1314,715
200950,2013-12-31,2.34499952635979,17081,728401,2.44772749268797,2014,6275,5785,,3249,1113,659
200951,2013-12-31,2.71434983173825,14575,536961,2.64593841632028,1934,6078,4127,,2677,1049,644
200952,2013-12-31,2.67667182697039,15613,583299,2.6156703984032,1937,6598,3726,,3202,1284,803
201001,2013-12-31,1.98283823623218,14299,721138,1.90711760430302,1996,4998,3961,,3333,1244,763
201002,2013-12-31,1.82748623353375,14088,770895,1.86737529968374,2016,4877,4614,,2793,1182,622
201003,2013-12-31,1.92605625070969,14757,766177,1.88072330631514,2053,5399,5079,,2693,1008,578
201004,2013-12-31,1.92494717278953,15122,785580,1.96908433236079,2026,5333,5655,,2560,1046,528
201005,2013-12-31,2.0887684250423,16037,767773,2.11386811062075,1996,5816,6142,,2581,948,550
201006,2013-12-31,2.03434082648651,15381,756068,2.09694583121344,1977,5496,5577,,2644,1006,658
201007,2013-12-31,1.97649460514715,15065,762208,1.90294345645018,1954,5388,5536,,2649,994,498
201008,2013-12-31,1.99361774638287,16087,806925,1.96951462278194,1990,5040,6207,,2943,1218,679
201009,2013-12-31,1.85382596354543,14486,781411,1.92331036712421,1953,4281,5685,,2763,1085,672
201010,2013-12-31,1.86730358448397,14354,768702,1.89658616483482,1946,4612,5270,,2660,1112,700
201011,2013-12-31,1.69986766366336,12601,741293,1.75180555050134,1933,4063,4466,,2468,976,628
201012,2013-12-31,1.49740820329748,11191,747358,1.52631922263178,1917,3625,4108,,2097,827,534
201013,2013-12-31,1.45111877208932,10359,713863,1.49571988362904,1875,3408,3733,,1954,736,528
201014,2013-12-31,1.20714782732567,8813,730068,1.22313021684613,1850,3090,2933,,1718,644,428
201015,2013-12-31,1.1741508052025,8801,749563,1.17754240902,1831,3117,3110,,1572,598,404
201016,2013-12-31,1.16206676116624,8362,719580,1.09111851417293,1765,2921,3044,,1461,522,414
201017,2013-12-31,1.17213431214881,8440,720054,1.11957937083649,1755,3081,2972,,1435,557,395
201018,2013-12-31,1.12167653365951,7914,705551,1.08168511952067,1710,2781,2901,,1385,482,365
201019,2013-12-31,1.14981162628807,7697,669414,1.12497482672273,1664,2851,2645,,1363,491,347
201020,2013-12-31,1.13327579756352,7603,670887,1.0619697897527,1624,2816,2553,,1364,498,372
201021,2013-12-31,1.08171331519166,6853,633532,1.08908766932167,1497,2636,2188,,1235,445,349
201022,2013-12-31,1.19958601095361,6595,549773,1.17760142013009,1421,2413,2172,,1212,463,335
201023,2013-12-31,0.95280825954795,5755,604004,0.974930395182935,1435,2147,1831,,1081,374,322
201024,2013-12-31,0.916032112818763,5316,580329,0.987131780132296,1405,1975,1784,,978,339,240
201025,2013-12-31,0.926582172934212,5334,575664,0.99599053755025,1384,2027,1779,,882,397,249
201026,2013-12-31,0.869619711871655,4718,542536,0.904726272396402,1347,1754,1541,,862,323,238
201027,2013-12-31,0.903133146199371,4691,519414,0.941927007840111,1353,1753,1566,,816,334,222
201028,2013-12-31,0.773775692770479,4234,547187,0.880415229455867,1284,1458,1450,,819,298,209
201029,2013-12-31,0.742774403429925,3950,531790,0.842614661882896,1265,1323,1335,,759,335,198
201030,2013-12-31,0.730934475995922,3850,526723,0.858382365250436,1250,1290,1279,,805,302,174
201031,2013-12-31,0.786881828762007,4077,518121,0.833830394847588,1241,1381,1357,,839,291,209
201032,2013-12-31,0.763050679663405,4008,525260,0.847436542815637,1212,1378,1307,,809,300,214
201033,2013-12-31,0.841043206314339,4518,537190,0.888273269260976,1225,1485,1592,,883,360,198
201034,2013-12-31,0.791572794251964,4420,558382,0.76537228790335,1235,1520,1592,,811,295,202
201035,2013-12-31,0.912731760403811,5007,548573,0.91858044292525,1170,1564,1866,,1019,354,204
201036,2013-12-31,1.03397647058824,5493,531250,1.01431787184839,1198,1850,1959,,1076,374,234
201037,2013-12-31,0.934009119726069,5510,589930,1.01232561233888,1210,1720,2118,,1061,358,253
201038,2013-12-31,1.08188875532238,6741,623077,1.11803281725652,1206,2134,2510,,1291,480,326
201039,2013-12-31,1.06562601148547,6387,599366,1.11805942184768,1254,1995,2383,,1269,446,294
201040,2017-10-24,1.13505,8473,746485,1.10939,1838,2627,3142,,1677,627,400
201041,2017-10-24,1.25256,9347,746230,1.24341,1875,2953,3522,,1779,649,444
201042,2017-10-24,1.2457,9684,777397,1.25726,1907,3044,3641,,1898,690,411
201043,2017-10-24,1.26774,9904,781234,1.25734,1929,3226,3822,,1754,682,420
201044,2017-10-24,1.43723,11020,766753,1.43414,1947,3451,4397,,1981,736,455
201045,2017-10-24,1.53341,11807,769982,1.51838,1940,3927,4679,,1956,734,511
201046,2017-10-24,1.69445,13336,787038,1.61617,1921,4416,5322,,2327,774,497
201047,2017-10-24,1.9915,12079,606527,1.84378,1938,4598,4145,,2043,743,550
201048,2017-10-24,1.81305,13997,772016,1.72535,1964,5045,4978,,2440,915,619
201049,2017-10-24,2.01426,14958,742606,1.87923,1936,5060,5867,,2511,893,627
201050,2017-10-24,2.55659,18022,704923,2.3371,1916,6300,7194,,2847,1031,650
201051,2017-10-24,3.38185,19899,588406,3.03533,1840,7295,7071,,3433,1262,838
201052,2017-10-24,3.43172,20346,592880,3.136,1887,7478,5764,,4455,1581,1068
201101,2017-10-24,2.69151,20026,744043,2.53336,1923,6584,6342,,4455,1586,1059
201102,2017-10-24,2.91063,20721,711908,2.91288,1921,6238,7773,,4220,1537,953
201103,2017-10-24,3.49232,26257,751850,3.44497,1964,7247,11243,,5095,1734,938
201104,2017-10-24,4.0037,31975,798637,4.16185,1947,8007,15291,,5952,1794,931
201105,2017-10-24,4.43534,34284,772974,4.55159,1970,8195,16366,,6536,1990,1197
201106,2017-10-24,4.24215,34456,812230,4.46504,1961,8036,16516,,6812,1996,1096
201107,2017-10-24,4.39719,36567,831600,4.55124,1910,8172,17493,,7257,2352,1293
201108,2017-10-24,3.90256,31277,801449,4.0822,1908,7839,13718,,6425,2028,1267
201109,2017-10-24,3.15073,24627,781629,3.38812,1860,6376,10496,,4869,1740,1146
201110,2017-10-24,2.72422,20377,747993,2.99142,1829,5691,8427,,3939,1421,899
201111,2017-10-24,2.33336,17309,741807,2.61542,1823,5363,6702,,3265,1175,804
201112,2017-10-24,1.925,14031,728883,2.09065,1790,4400,5489,,2551,978,613
201113,2017-10-24,1.75243,12957,739375,1.86146,1770,4189,5025,,2244,877,622
201114,2017-10-24,1.57704,11498,729089,1.61377,1723,3701,4557,,1985,747,508
201115,2017-10-24,1.35766,9391,691707,1.42199,1681,3164,3562,,1574,641,450
201116,2017-10-24,1.31223,8695,662612,1.3382,1651,3139,3064,,1505,559,428
201117,2017-10-24,1.14937,7830,681240,1.19995,1612,2895,2673,,1324,555,383
201118,2017-10-24,1.11451,7307,655627,1.14889,1585,2532,2553,,1305,524,393
201119,2017-10-24,1.10984,7236,651983,1.12194,1556,2551,2595,,1254,485,351
201120,2017-10-24,1.0524,6530,620485,1.06712,1516,2353,2280,,1131,461,305
201121,2017-10-24,1.03536,6072,586460,1.05058,1381,2213,2110,,1045,405,299
201122,2017-10-24,1.11777,5946,531954,1.15203,1357,2249,1980,,1013,397,307
201123,2017-10-24,0.982949,5547,564322,0.970975,1296,2040,1760,,1037,432,278
201124,2017-10-24,0.925194,4989,539238,0.894683,1279,1812,1599,,911,405,262
201125,2017-10-24,0.835531,4448,532356,0.843568,1251,1604,1422,,870,308,244
201126,2017-10-24,0.832393,4218,506732,0.815409,1225,1472,1462,,750,324,210
201127,2017-10-24,0.855591,4009,468565,0.823052,1211,1423,1269,,823,270,224
201128,2017-10-24,0.706949,3721,526346,0.674635,1220,1255,1206,,756,316,188
201129,2017-10-24,0.694387,3597,518011,0.631883,1203,1243,1184,,733,259,178
201130,2017-10-24,0.687976,3538,514262,0.641513,1179,1251,1188,,667,263,169
201131,2017-10-24,0.644743,3202,496632,0.529813,1175,1088,1125,,635,203,151
201132,2017-10-24,0.67533,3523,521671,0.644089,1175,1207,1223,,704,231,158
201133,2017-10-24,0.72823,3874,531975,0.667718,1191,1342,1358,,767,241,166
201134,2017-10-24,0.806526,4444,551005,0.705668,1195,1505,1600,,814,305,220
201135,2017-10-24,0.860408,4717,548228,0.804155,1200,1528,1781,,887,308,213
201136,2017-10-24,0.936075,4813,514168,0.907804,1184,1622,1809,,904,293,185
201137,2017-10-24,0.966683,5567,575887,1.00555,1196,1788,2206,,1022,346,205
201138,2017-10-24,0.996007,5822,584534,1.03601,1201,1816,2264,,1126,374,242
201139,2017-10-24,1.10846,6708,605162,1.07583,1213,2248,2514,,1253,449,244
201140,2017-10-24,1.20345,9365,778182,1.16092,1850,3106,3485,,1765,632,377
201141,2017-10-24,1.23777,9803,791987,1.19785,1883,3317,3667,,1777,672,370
201142,2017-10-24,1.25259,9958,794995,1.27926,1905,3324,3837,,1763,655,379
201143,2017-10-24,1.30546,10298,788840,1.29194,1900,3453,4035,,1773,657,380
201144,2017-10-24,1.45295,11396,784334,1.42824,1925,3634,4658,,1957,760,387
201145,2017-10-24,1.44089,11496,797839,1.39803,1946,3949,4348,,2072,671,456
201146,2017-10-24,1.46221,11721,801594,1.45831,1900,3923,4361,,2166,797,474
201147,2017-10-24,1.65573,10377,626731,1.56548,1918,4125,3340,,1803,679,430
201148,2017-10-24,1.46606,11479,782984,1.34313,1904,4237,3955,,2059,815,413
201149,2017-10-24,1.51811,11187,736905,1.48139,1898,3995,4040,,1938,772,442
201150,2017-10-24,1.66429,12137,729258,1.63398,1872,4579,4097,,2077,838,546
201151,2017-10-24,1.85274,11958,645424,1.83126,1851,5016,3535,,2068,818,521
201152,2017-10-24,2.12413,12356,581697,2.10451,1821,5243,3184,,2315,946,668
201201,2017-10-24,1.76709,11992,678631,1.73625,1891,4514,3393,,2342,1028,715
201202,2017-10-24,1.5434,11543,747894,1.55066,1883,4059,3636,,2319,918,611
201203,2017-10-24,1.64762,11939,724623,1.62891,1887,4364,4030,,2247,800,498
201204,2017-10-24,1.6843,13209,784244,1.76038,1891,4766,4802,,2303,825,513
201205,2017-10-24,1.86354,14448,775298,1.92728,1885,5218,5336,,2415,915,564
201206,2017-10-24,1.86408,14624,784516,1.91994,1875,5028,5555,,2582,894,565
201207,2017-10-24,2.01839,15929,789193,2.09951,1884,5277,5994,,2937,1054,667
201208,2017-10-24,2.10385,16137,767022,2.23973,1853,5246,5990,,3009,1131,761
201209,2017-10-24,2.09555,16518,788242,2.21921,1826,5219,6239,,3141,1153,766
201210,2017-10-24,2.10398,15763,749198,2.16693,1816,4811,6493,,2832,998,629
201211,2017-10-24,2.2941,17150,747570,2.38913,1819,5175,6768,,3321,1185,701
201212,2017-10-24,1.92223,14524,755579,1.96466,1780,4422,5683,,2822,988,609
201213,2017-10-24,1.74239,13017,747079,1.84229,1753,3807,5256,,2485,920,549
201214,2017-10-24,1.67601,11930,711808,1.68674,1729,3582,4631,,2306,839,572
201215,2017-10-24,1.49637,10732,717202,1.53136,1707,3253,4059,,2109,767,544
201216,2017-10-24,1.38202,10123,732480,1.37912,1699,3001,4020,,1990,719,393
201217,2017-10-24,1.28926,9370,726772,1.29515,1675,2638,3802,,1831,664,435
201218,2017-10-24,1.35803,8999,662649,1.39521,1564,2509,3671,,1728,636,455
201219,2017-10-24,1.30833,8576,655492,1.32522,1546,2524,3468,,1559,606,419
201220,2017-10-24,1.26692,8062,636347,1.23059,1503,2465,3087,,1547,588,375
201221,2017-10-24,1.27731,7878,616765,1.23028,1415,2545,3011,,1461,483,378
201222,2017-10-24,1.2991,7153,550614,1.26877,1409,2480,2601,,1276,446,350
201223,2017-10-24,1.16297,6765,581700,1.10782,1365,2336,2352,,1281,458,338
201224,2017-10-24,1.08612,6133,564670,1.09559,1289,2231,2024,,1150,428,300
201225,2017-10-24,1.0568,6048,572296,1.11031,1295,2259,1974,,1119,411,285
201226,2017-10-24,1.07871,5786,536380,1.10616,1260,2168,1850,,1058,422,288
201227,2017-10-24,1.04662,5291,505533,1.10816,1271,1911,1706,,1013,388,273
201228,2017-10-24,0.928152,5185,558637,0.999444,1240,1913,1751,,964,337,220
201229,2017-10-24,0.901936,4931,546713,0.924199,1223,1818,1640,,914,318,241
201230,2017-10-24,0.915356,5103,557488,0.949257,1250,1752,1721,,975,372,283
201231,2017-10-24,0.952548,5159,541600,0.978903,1240,1728,1706,,1050,408,267
201232,2017-10-24,0.916661,5026,548294,0.925024,1248,1660,1718,,989,375,284
201233,2017-10-24,0.901787,5051,560110,0.848456,1238,1721,1755,,986,357,232
201234,2017-10-24,1.03315,6141,594395,1.04451,1238,2098,2128,,1194,425,296
201235,2017-10-24,1.05238,6318,600354,1.0986,1238,1958,2335,,1305,443,277
201236,2017-10-24,1.12713,6296,558585,1.22071,1242,1886,2294,,1317,481,318
201237,2017-10-24,1.1866,7382,622114,1.24976,1252,2176,2870,,1408,513,415
201238,2017-10-24,1.21415,7656,630563,1.22892,1268,2295,2972,,1530,511,348
201239,2017-10-24,1.25198,7807,623572,1.29393,1248,2421,2867,,1546,575,398
201240,2017-10-24,1.20559,9395,779285,1.23034,1932,2773,3691,,1814,702,415
201241,2017-10-24,1.31929,10158,769959,1.3278,1940,2960,4007,,1957,745,489
201242,2017-10-24,1.32737,10585,797444,1.33995,1968,3202,4233,,1902,760,488
201243,2017-10-24,1.36688,10913,798388,1.37842,1958,3346,4268,,2012,771,516
201244,2017-10-24,1.50535,11061,734781,1.50085,1929,3326,4422,,2032,797,484
201245,2017-10-24,1.61273,12674,785871,1.65163,1974,3733,5145,,2330,925,541
201246,2017-10-24,1.75208,13623,777534,1.76746,1966,4034,5526,,2569,897,597
201247,2017-10-24,2.33365,14650,627772,2.30609,1968,4651,5387,,2824,1105,683
201248,2017-10-24,2.2268,18521,831730,2.16324,2006,5102,7018,,3950,1498,953
201249,2017-10-24,2.97657,24877,835762,2.83038,2006,6486,10857,,4672,1791,1071
201250,2017-10-24,3.62552,29432,811800,3.43761,1977,7446,12945,,5692,2087,1262
201251,2017-10-24,4.5532,34332,754019,4.30554,1908,8546,13971,,7437,2730,1648
201252,2017-10-24,6.02598,36588,607171,6.06082,1905,9709,11391,,9295,3639,2554
201301,2017-10-24,4.96368,34103,687051,4.64931,1982,8444,9108,,9679,4080,2792
201302,2017-10-24,4.69072,39896,850531,4.32584,1995,8297,13424,,10877,4502,2796
201303,2017-10-24,4.70473,39441,838326,4.51113,2008,8633,15992,,8977,3523,2316
201304,2017-10-24,4.1646,32426,778610,4.2171,1978,7441,13439,,7021,2760,1765
201305,2017-10-24,3.69533,29808,806640,3.78956,1963,6609,12653,,6421,2551,1574
201306,2017-10-24,3.2363,24987,772086,3.29206,1931,5757,10816,,5236,1971,1207
201307,2017-10-24,2.89421,22321,771229,3.0197,1926,5289,9395,,4698,1894,1045
201308,2017-10-24,2.71742,20519,755092,2.71499,1940,5099,8415,,4357,1625,1023
201309,2017-10-24,2.52297,19231,762238,2.4845,1893,4633,7981,,4030,1619,968
201310,2017-10-24,2.55227,18829,737736,2.57808,1884,4791,7709,,3935,1536,858
201311,2017-10-24,2.43225,17392,715059,2.39237,1846,4480,7065,,3606,1352,889
201312,2017-10-24,2.10851,15254,723449,2.06778,1825,3957,6095,,3191,1270,741
201313,2017-10-24,1.94725,13714,704276,1.90281,1811,3830,5204,,2924,1124,632
201314,2017-10-24,1.74859,12273,701881,1.65902,1769,3516,4299,,2677,1106,675
201315,2017-10-24,1.49713,10818,722583,1.43006,1742,3110,3929,,2219,957,603
201316,2017-10-24,1.32313,9188,694415,1.27757,1732,2707,3509,,1757,724,491
201317,2017-10-24,1.22647,8589,700300,1.19009,1711,2588,3364,,1630,582,425
201318,2017-10-24,1.19614,7986,667648,1.09556,1675,2439,3142,,1470,565,370
201319,2017-10-24,1.19049,7704,647130,1.08589,1630,2422,2877,,1474,570,361
201320,2017-10-24,1.17426,7317,623114,1.07343,1582,2431,2583,,1345,565,393
201321,2017-10-24,1.13342,6589,581338,1.01677,1489,2230,2219,,1279,493,368
201322,2017-10-24,1.14306,6190,541528,1.04847,1486,2109,2094,,1147,483,357
201323,2017-10-24,1.00881,5638,558875,0.920349,1421,1983,1779,,1086,460,330
201324,2017-10-24,1.02358,5539,541138,0.920779,1419,1969,1713,,1112,468,277
201325,2017-10-24,1.00138,5474,546643,0.904333,1405,1877,1766,,1040,489,302
201326,2017-10-24,0.909498,4915,540408,0.83057,1389,1703,1581,,947,399,285
201327,2017-10-24,0.950042,4506,474295,0.862837,1357,1594,1489,,851,321,251
201328,2017-10-24,0.829299,4510,543833,0.732182,1362,1576,1491,,862,362,219
201329,2017-10-24,0.802109,4186,521874,0.724558,1341,1432,1405,,849,315,185
201330,2017-10-24,0.806333,4233,524969,0.740848,1325,1416,1464,,800,332,221
201331,2017-10-24,0.796937,3886,487617,0.726037,1290,1216,1284,,852,350,184
201332,2017-10-24,0.779136,4075,523015,0.755639,1299,1367,1338,,870,302,198
201333,2017-10-24,0.797653,4168,522533,0.761847,1276,1364,1366,,919,331,188
201334,2017-10-24,0.825485,4317,522965,0.779896,1265,1331,1561,,892,301,232
201335,2017-10-24,0.935469,5053,540157,0.899138,1260,1499,1814,,1014,410,316
201336,2017-10-24,1.04345,5626,539175,0.999524,1317,1681,2035,,1137,462,311
201337,2017-10-24,1.09107,6374,584196,1.0558,1307,1926,2437,,1217,440,354
201338,2017-10-24,1.20108,7110,591969,1.0967,1290,2175,2683,,1350,537,365
201339,2017-10-24,1.26179,7963,631088,1.24709,1364,2393,2963,,1500,648,459
201340,2017-10-24,1.13249,9677,854487,1.15746,1960,2974,3769,,1840,638,456
201341,2017-10-24,1.21121,10420,860298,1.27184,1990,3276,3925,,1924,762,533
201342,2017-10-24,1.25682,10658,848016,1.31623,2018,3483,3880,,2010,785,500
201343,2017-10-24,1.37097,12036,877917,1.37444,2027,3930,4484,,2292,816,514
201344,2017-10-24,1.42956,12502,874537,1.46781,2028,4045,4642,,2354,930,531
201345,2017-10-24,1.53588,13498,878845,1.5834,2017,4434,5062,,2511,953,538
201346,2017-10-24,1.60267,13927,868987,1.60253,2054,4643,5000,,2716,990,578
201347,2017-10-24,1.73267,15168,875411,1.72344,2012,4835,5579,,3088,1083,583
201348,2017-10-24,2.09858,13975,665926,2.11076,2042,4937,4313,,3027,1059,639
201349,2017-10-24,2.21374,18920,854664,2.1708,2055,5549,6579,,4375,1552,865
201350,2017-10-24,2.41674,19398,802651,2.36971,2054,5501,7046,,4458,1591,802
201351,2017-10-24,3.03071,24697,814891,3.15997,2009,6555,8406,,6525,2272,939
201352,2017-10-24,4.38724,26988,615148,4.59053,2007,7814,7485,,7499,2874,1316
201401,2017-10-24,4.2112,28654,680424,4.28195,2033,7488,6726,,9135,3555,1750
201402,2017-10-24,3.46492,28147,812343,3.56288,2059,6233,7881,,8846,3565,1622
201403,2017-10-24,3.31698,28370,855297,3.36378,2049,6007,9517,,8091,3149,1606
201404,2017-10-24,3.2407,25502,786928,3.39659,2062,5878,8858,,6818,2616,1332
201405,2017-10-24,2.88598,23484,813726,3.11922,2051,5133,8714,,6031,2403,1203
201406,2017-10-24,2.62172,21085,804244,2.83572,2051,4729,7711,,5278,2242,1125
201407,2017-10-24,2.34067,18195,777340,2.48484,2018,4210,6717,,4470,1829,969
201408,2017-10-24,2.12059,17234,812700,2.2741,2025,4250,6121,,4306,1684,873
201409,2017-10-24,1.91094,15914,832786,2.07244,1978,3953,5875,,3691,1505,890
201410,2017-10-24,1.9023,15044,790831,1.98207,1944,3775,5575,,3472,1430,792
201411,2017-10-24,1.76619,14024,794024,1.82441,1904,3616,5022,,3210,1360,816
201412,2017-10-24,1.85791,14926,803374,1.82036,1922,3798,5611,,3285,1422,810
201413,2017-10-24,1.82094,14661,805133,1.75391,1887,3523,5812,,3256,1298,772
201414,2017-10-24,1.83453,14637,797863,1.74542,1866,3582,5659,,3153,1436,807
201415,2017-10-24,1.75446,14206,809707,1.67236,1845,3574,5587,,2943,1316,786
201416,2017-10-24,1.51636,11723,773101,1.51659,1810,3130,4279,,2516,1088,710
201417,2017-10-24,1.40334,10814,770592,1.44778,1771,2846,3770,,2504,1036,658
201418,2017-10-24,1.2593,9648,766139,1.29028,1746,2501,3591,,2084,913,559
201419,2017-10-24,1.32482,9775,737834,1.37388,1714,2789,3615,,2009,834,528
201420,2017-10-24,1.27576,9033,708049,1.34208,1660,2544,3256,,1876,825,532
201421,2017-10-24,1.29483,8797,679395,1.34563,1570,2733,3068,,1742,771,483
201422,2017-10-24,1.2261,7658,624582,1.21291,1554,2528,2459,,1542,625,504
201423,2017-10-24,1.14538,7229,631143,1.19291,1461,2383,2349,,1492,607,398
201424,2017-10-24,1.0678,6783,635233,1.14146,1461,2227,2181,,1413,561,401
201425,2017-10-24,1.07269,6369,593740,1.06503,1392,2159,2009,,1285,528,388
201426,2017-10-24,1.01298,6038,596063,1.12669,1411,2049,1917,,1235,509,328
201427,2017-10-24,0.994705,5352,538049,0.947353,1388,1865,1688,,1075,416,308
201428,2017-10-24,0.880862,5295,601116,0.944187,1394,1758,1623,,1122,441,351
201429,2017-10-24,0.858173,5083,592305,0.934822,1376,1582,1621,,1116,403,361
201430,2017-10-24,0.805152,4765,591814,0.81736,1372,1455,1450,,1128,398,334
201431,2017-10-24,0.818781,4942,603580,0.852792,1378,1450,1655,,1094,417,326
201432,2017-10-24,0.783735,4744,605307,0.746994,1382,1460,1528,,1074,409,273
201433,2017-10-24,0.848703,4980,586778,0.761098,1369,1528,1631,,1107,403,311
201434,2017-10-24,0.834146,5305,635980,0.767627,1371,1569,1813,,1196,412,315
201435,2017-10-24,0.905981,5799,640080,0.862176,1353,1684,2184,,1223,401,307
201436,2017-10-24,1.04506,6050,578913,0.984907,1352,1753,2258,,1284,453,302
201437,2017-10-24,1.16816,8130,695966,1.16287,1401,2300,3316,,1550,568,396
201438,2017-10-24,1.27649,8888,696282,1.22731,1405,2535,3650,,1705,605,393
201439,2017-10-24,1.29758,8874,683887,1.2071,1407,2522,3447,,1820,657,428
201440,2017-10-24,1.20612,10150,841540,1.16191,1937,2958,3994,,1959,712,527
201441,2017-10-24,1.32485,10977,828544,1.30905,1960,3055,4437,,2116,821,548
201442,2017-10-24,1.41192,11941,845727,1.37072,2000,3442,4728,,2321,870,580
201443,2017-10-24,1.42547,12292,862314,1.43373,2008,3455,4955,,2459,892,531
201444,2017-10-24,1.43909,12313,855608,1.42791,2053,3632,5102,,2242,807,530
201445,2017-10-24,1.61532,13853,857601,1.61605,2058,4277,5799,,2349,863,565
201446,2017-10-24,1.66473,14062,844700,1.65976,1997,4424,5816,,2323,911,588
201447,2017-10-24,2.0058,16674,831289,2.05459,2058,4740,7322,,2921,1049,642
201448,2017-10-24,2.62227,17602,671251,2.53541,2067,5432,6848,,3277,1165,880
201449,2017-10-24,2.60749,22905,878430,2.54253,2097,6185,9106,,4623,1767,1224
201450,2017-10-24,3.4178,29172,853532,3.60563,2069,7424,13050,,5287,1970,1441
201451,2017-10-24,4.46555,37382,837119,4.90976,2016,9270,16418,,6920,2671,2103
201452,2017-10-24,6.11497,40533,662849,5.98221,1984,10363,13951,,8982,3718,3519
201453,2017-10-24,5.30979,36891,694773,5.47421,1983,9732,9406,,9348,4288,4117
201501,2017-10-24,4.07898,31483,771835,4.21374,1958,7160,9589,,8072,3614,3048
201502,2017-10-24,3.93762,31204,792459,4.21022,1971,7044,11966,,6946,2909,2339
201503,2017-10-24,4.15076,33221,800359,4.25968,1966,7840,13949,,6451,2951,2030
201504,2017-10-24,3.87899,30621,789407,3.97761,1955,7118,13159,,5844,2585,1915
201505,2017-10-24,3.45794,28151,814097,3.63443,1950,6656,12093,,5380,2368,1654
201506,2017-10-24,3.06359,25218,823153,3.26527,1917,6429,10328,,4884,2072,1505
201507,2017-10-24,2.82646,21109,746836,2.93083,1907,5537,8164,,4295,1842,1271
201508,2017-10-24,2.3599,19178,812660,2.54474,1934,4823,7280,,4061,1765,1249
201509,2017-10-24,2.33472,18441,789858,2.47227,1912,4639,7116,,3914,1696,1076
201510,2017-10-24,2.21286,17833,805881,2.35665,1907,4710,6748,,3654,1654,1067
201511,2017-10-24,2.07619,16695,804117,2.17008,1883,4559,6084,,3482,1573,997
201512,2017-10-24,2.01267,16122,801027,2.04297,1848,4418,6003,,3284,1486,931
201513,2017-10-24,1.94192,14975,771143,1.954,1819,4174,5623,,2968,1321,889
201514,2017-10-24,1.74809,13733,785602,1.72287,1820,3903,4634,,2931,1387,878
201515,2017-10-24,1.50367,12044,800974,1.53694,1813,3448,4214,,2448,1160,774
201516,2017-10-24,1.43494,10860,756827,1.38283,1768,3182,4011,,2052,975,640
201517,2017-10-24,1.45673,11095,761638,1.46265,1753,3203,4280,,2122,888,602
201518,2017-10-24,1.42836,10694,748690,1.38934,1735,3106,4079,,2074,846,589
201519,2017-10-24,1.35297,9671,714799,1.3468,1688,2805,3641,,1810,813,602
201520,2017-10-24,1.33093,9024,678023,1.25452,1622,2754,3296,,1768,736,470
201521,2017-10-24,1.28422,7913,616171,1.21636,1579,2593,2714,,1461,652,493
201522,2017-10-24,1.13889,6946,609891,1.16734,1505,2211,2345,,1334,594,462
201523,2017-10-24,1.10343,6744,611184,1.04654,1455,2109,2284,,1320,575,456
201524,2017-10-24,0.970748,5850,602628,0.943661,1459,1734,2046,,1167,495,408
201525,2017-10-24,0.998681,5913,592081,0.935046,1445,1897,1921,,1170,496,429
201526,2017-10-24,0.978057,5232,534938,0.934726,1417,1678,1701,,1043,430,380
201527,2017-10-24,0.866431,5116,590468,0.864118,1428,1546,1675,,1081,443,371
201528,2017-10-24,0.827757,4870,588337,0.806535,1411,1487,1609,,1028,405,341
201529,2017-10-24,0.797572,4626,580010,0.742747,1401,1383,1498,,1011,413,321
201530,2017-10-24,0.811221,4605,567663,0.737859,1352,1415,1459,,999,432,300
201531,2017-10-24,0.821165,4753,578812,0.743224,1364,1392,1590,,1026,420,325
201532,2017-10-24,0.819435,4750,579668,0.805251,1340,1330,1667,,1062,400,291
201533,2017-10-24,0.848041,5173,609994,0.816943,1356,1429,1815,,1134,436,359
201534,2017-10-24,0.888524,5648,635661,0.814518,1362,1687,2033,,1151,423,354
201535,2017-10-24,0.962826,5963,619323,0.86067,1354,1636,2292,,1230,481,324
201536,2017-10-24,1.02252,5970,583853,0.886704,1349,1714,2169,,1297,461,329
201537,2017-10-24,1.08392,7062,651524,1.00845,1369,1993,2744,,1392,536,397
201538,2017-10-24,1.17724,7704,654414,1.06625,1367,2178,2947,,1520,627,432
201539,2017-10-24,1.1716,7626,650904,1.05995,1332,2170,2746,,1654,652,404
201540,2017-10-24,1.24325,10049,808287,1.22559,1963,2849,3693,,2015,871,621
201541,2017-10-24,1.3234,10715,809660,1.31066,1976,3016,4007,,2102,912,678
201542,2017-10-24,1.40399,11584,825079,1.3711,1995,3263,4360,,2357,951,653
201543,2017-10-24,1.37629,11164,811165,1.39171,1999,3141,4148,,2254,927,694
201544,2017-10-24,1.46866,12423,845875,1.43712,2048,3563,4783,,2450,935,692
201545,2017-10-24,1.533,12676,826877,1.50165,2028,3746,4725,,2517,943,745
201546,2017-10-24,1.60841,13484,838344,1.59805,2023,3960,5076,,2656,1026,766
201547,2017-10-24,1.90047,12158,639738,1.89668,2000,3974,4073,,2427,981,703
201548,2017-10-24,1.73645,14617,841777,1.67728,2040,4469,5076,,3011,1232,829
201549,2017-10-24,1.81945,14986,823657,1.78296,2020,4575,5384,,2902,1252,873
201550,2017-10-24,1.96571,15396,783227,1.87336,2000,5135,5105,,2963,1250,943
201551,2017-10-24,2.42021,14839,613128,2.32148,1978,5377,4317,,2876,1256,1013
201552,2017-10-24,2.41083,15679,650356,2.40991,1949,5700,4011,,3264,1524,1180
201601,2017-10-24,1.98859,15654,787192,1.94328,2004,4775,4494,,3597,1631,1157
201602,2017-10-24,1.98985,15517,779809,1.99796,2005,4574,5362,,3180,1380,1021
201603,2017-10-24,2.1071,15661,743249,2.11829,2008,4804,5380,,3226,1297,954
201604,2017-10-24,2.19256,18143,827482,2.25112,2026,5088,6882,,3615,1551,1007
201605,2017-10-24,2.30014,18944,823602,2.37116,2007,5135,7353,,3759,1625,1072
201606,2017-10-24,2.67574,21774,813755,2.80035,2000,5645,8434,,4600,1916,1179
201607,2017-10-24,3.02427,24681,816098,3.16475,1993,5997,9325,,5642,2347,1370
201608,2017-10-24,3.11328,26423,848718,3.15183,1956,6299,10127,,6001,2606,1390
201609,2017-10-24,3.32788,28468,855439,3.3321,1952,6619,11415,,6395,2599,1440
201610,2017-10-24,3.5918,30481,848628,3.56024,1922,6660,11856,,7358,2977,1630
201611,2017-10-24,3.09262,24894,804948,3.05479,1898,5574,9334,,6026,2489,1471
201612,2017-10-24,2.78803,21940,786936,2.76732,1900,5187,8489,,4982,2000,1282
201613,2017-10-24,2.52371,19603,776752,2.44161,1832,4581,7392,,4476,1953,1201
201614,2017-10-24,2.12928,16769,787543,2.03348,1813,3707,6403,,3869,1660,1130
201615,2017-10-24,2.05142,16261,792672,1.98593,1805,3572,6595,,3530,1533,1031
201616,2017-10-24,1.98957,15437,775895,1.91514,1774,3515,6357,,3247,1373,945
201617,2017-10-24,1.7858,13836,774777,1.69968,1759,3157,5557,,2986,1235,901
201618,2017-10-24,1.60144,11870,741210,1.57635,1742,2772,4729,,2586,1037,746
201619,2017-10-24,1.4743,10707,726244,1.3935,1690,2871,4046,,2276,849,665
201620,2017-10-24,1.42286,9798,688612,1.29941,1626,2688,3630,,1998,839,643
201621,2017-10-24,1.38196,8787,635835,1.18379,1439,2612,3126,,1714,717,618
201622,2017-10-24,1.33712,7997,598077,1.13723,1482,2545,2620,,1637,663,532
201623,2017-10-24,1.13894,7201,632252,1.04118,1446,2293,2313,,1460,617,518
201624,2017-10-24,1.09641,6768,617287,0.971814,1440,2189,2171,,1354,588,466
201625,2017-10-24,0.999559,6024,602666,0.863306,1402,2062,1905,,1178,493,386
201626,2017-10-24,0.99095,5686,573793,0.833797,1382,1873,1810,,1146,473,384
201627,2017-10-24,0.931253,5118,549582,0.784516,1379,1646,1641,,985,463,383
201628,2017-10-24,0.843118,5078,602288,0.734327,1392,1610,1599,,1064,422,383
201629,2017-10-24,0.840286,5044,600272,0.698845,1388,1670,1621,,994,384,375
201630,2017-10-24,0.830065,4925,593327,0.723099,1393,1580,1624,,1036,362,323
201631,2017-10-24,0.790428,4596,581457,0.663501,1360,1455,1496,,971,359,315
201632,2017-10-24,0.830826,4868,585923,0.69276,1329,1512,1639,,1016,382,319
201633,2017-10-24,0.856796,5265,614499,0.710029,1345,1644,1914,,1028,373,306
201634,2017-10-24,1.00746,6260,621362,0.834232,1356,1848,2364,,1234,465,349
201635,2017-10-24,1.05868,6504,614349,0.992621,1354,1815,2651,,1242,455,341
201636,2017-10-24,1.10028,6623,601938,1.01605,1347,1883,2604,,1284,471,381
201637,2017-10-24,1.1457,7639,666755,1.07169,1365,2026,3073,,1509,579,452
201638,2017-10-24,1.2189,8229,675119,1.10163,1363,2341,3298,,1539,613,438
201639,2017-10-24,1.31113,8505,648678,1.18841,1389,2413,3334,,1645,630,483
201640,2018-10-05,1.25626,10920,869249,1.19763,1956,3119,4174,,2149,833,645
201641,2018-10-05,1.29218,10997,851042,1.22887,1977,3207,4078,,2155,879,678
201642,2018-10-05,1.33024,11926,896532,1.26723,1986,3564,4452,,2234,981,695
201643,2018-10-05,1.42562,12648,887194,1.36226,2008,3786,4769,,2406,987,700
201644,2018-10-05,1.56991,13790,878396,1.48468,2001,4314,5287,,2444,1030,715
201645,2018-10-05,1.65029,14258,863967,1.55838,1993,4703,5193,,2549,1055,758
201646,2018-10-05,1.73187,15160,875353,1.64639,2002,4979,5610,,2659,1083,829
201647,2018-10-05,2.03348,14208,698702,1.91196,2013,5032,4567,,2634,1108,867
201648,2018-10-05,1.88027,16605,883118,1.81129,2005,5209,5655,,3326,1359,1056
201649,2018-10-05,2.00307,16976,847500,1.91669,2018,5512,5814,,3188,1415,1047
201650,2018-10-05,2.27465,18463,811687,2.20671,2005,5744,6724,,3491,1485,1019
201651,2018-10-05,2.9137,21570,740295,2.73096,1982,6657,7470,,4099,1923,1421
201652,2018-10-05,3.54769,24900,701866,3.36152,1931,7712,7144,,5247,2652,2145
201701,2018-10-05,3.07969,24178,785080,3.09232,2028,6716,6786,,5673,2773,2230
201702,2018-10-05,3.02096,24904,824374,3.07623,2001,6022,8847,,5315,2639,2081
201703,2018-10-05,3.40075,28759,845666,3.50708,2033,6403,12121,,5588,2717,1930
201704,2018-10-05,3.53148,31221,884076,3.79872,2024,6958,14064,,5762,2617,1820
201705,2018-10-05,4.04671,36510,902215,4.43601,2029,7452,17475,,6522,2968,2093
201706,2018-10-05,4.75345,42890,902292,5.06094,2030,8110,20150,,8235,3749,2646
201707,2018-10-05,4.65322,41098,883216,4.85988,1973,7737,18715,,8348,3660,2638
201708,2018-10-05,4.56893,40124,878193,4.57809,1990,7649,17300,,8560,3807,2808
201709,2018-10-05,3.45379,30183,873909,3.55555,1998,6129,12394,,6496,2983,2181
201710,2018-10-05,3.29578,28051,851118,3.50492,1973,5851,11546,,5970,2766,1918
201711,2018-10-05,3.16311,25484,805664,3.21406,1961,5503,10084,,5535,2582,1780
201712,2018-10-05,3.1402,27371,871632,3.09854,1943,5518,11512,,5860,2642,1839
201713,2018-10-05,2.88096,24375,846072,2.79765,1904,5158,10155,,5078,2356,1628
201714,2018-10-05,2.36989,19684,830587,2.38646,1910,4490,8183,,3918,1760,1333
201715,2018-10-05,1.93539,15552,803557,1.96699,1865,3909,5851,,3152,1470,1170
201716,2018-10-05,1.6406,13012,793124,1.73523,1850,3308,4683,,2766,1258,997
201717,2018-10-05,1.47817,11955,808770,1.5635,1850,2997,4497,,2392,1111,958
201718,2018-10-05,1.36819,10763,786659,1.4041,1800,2890,4106,,2039,1011,717
201719,2018-10-05,1.33856,10188,761114,1.27729,1770,2746,3822,,2037,862,721
201720,2018-10-05,1.34625,9809,728618,1.28245,1749,2685,3518,,2011,886,709
201721,2018-10-05,1.26487,8564,677064,1.16589,1617,2341,3060,,1745,771,647
201722,2018-10-05,1.25688,7757,617165,1.10922,1572,2312,2575,,1577,710,583
201723,2018-10-05,1.15799,7558,652681,1.04387,1498,2456,2377,,1462,672,591
201724,2018-10-05,1.04831,6636,633019,0.905089,1472,2049,2099,,1346,595,547
201725,2018-10-05,0.988607,6264,633619,0.900337,1502,1930,1972,,1299,560,503
201726,2018-10-05,0.961605,5596,581944,0.859539,1424,1771,1748,,1121,489,467
201727,2018-10-05,0.955645,5326,557320,0.818831,1461,1728,1564,,1111,505,418
201728,2018-10-05,0.82743,4961,599567,0.752503,1410,1545,1578,,1004,462,372
201729,2018-10-05,0.814071,4764,585207,0.7372,1403,1549,1426,,918,451,420
201730,2018-10-05,0.818115,4880,596493,0.733096,1382,1576,1516,,953,459,376
201731,2018-10-05,0.829757,4899,590414,0.73102,1393,1529,1485,,1037,415,433
201732,2018-10-05,0.828501,4915,593240,0.688338,1390,1559,1481,,1044,441,390
201733,2018-10-05,0.885896,5230,590363,0.732049,1351,1603,1691,,1097,427,412
201734,2018-10-05,1.05599,6682,632771,0.911641,1382,1977,2556,,1261,474,414
201735,2018-10-05,1.11768,7133,638196,1.02105,1371,2076,2726,,1302,526,503
201736,2018-10-05,1.13843,7073,621296,1.09335,1386,2074,2488,,1369,587,555
201737,2018-10-05,1.13416,8317,733316,1.09515,1486,2375,2947,,1658,709,628
201738,2018-10-05,1.17508,8566,728970,1.09699,1487,2544,3075,,1625,664,658
201739,2018-10-05,1.23773,9079,733519,1.18823,1470,2840,3201,,1652,746,640
201740,2019-10-04,1.2802,12839,1002892,1.26589,2220,3849,4556,,2488,1071,875
201741,2019-10-04,1.33123,13267,996595,1.30479,2245,4118,4453,,2676,1073,947
201742,2019-10-04,1.40786,14319,1017076,1.34075,2266,4408,4993,,2805,1139,974
201743,2019-10-04,1.5722,15832,1006998,1.51674,2266,5006,5531,,2922,1324,1049
201744,2019-10-04,1.70326,17069,1002140,1.74583,2222,5219,6134,,3289,1365,1062
201745,2019-10-04,1.86636,19057,1021079,1.88708,2288,6126,6671,,3609,1522,1129
201746,2019-10-04,2.07647,21892,1054290,2.05923,2296,6880,7577,,4243,1805,1387
201747,2019-10-04,2.33593,19816,848314,2.27971,2271,6945,5875,,3844,1707,1445
201748,2019-10-04,2.24637,23752,1057350,2.28379,2279,7008,7474,,5235,2206,1829
201749,2019-10-04,2.49504,24955,1000183,2.58278,2272,7229,8488,,5046,2335,1857
201750,2019-10-04,3.2005,31502,984283,3.36558,2262,8285,11259,,6671,2955,2332
201751,2019-10-04,4.43807,42782,963978,4.73117,2211,10447,14166,,9856,4580,3733
201752,2019-10-04,5.46361,45255,828299,5.70943,2132,11335,11540,,11507,5754,5119
201801,2019-10-04,5.35765,47269,882271,5.74658,2243,9410,11717,,13383,6871,5888
201802,2019-10-04,5.52437,56761,1027466,5.89207,2257,10053,17357,,15380,7772,6199
201803,2019-10-04,6.34528,63036,993431,6.51759,2286,11997,21897,,16012,7569,5561
201804,2019-10-04,7.01811,77326,1101807,7.16338,2288,13408,30625,,18317,8911,6065
201805,2019-10-04,7.7809,85985,1105078,7.52133,2275,14844,37200,,19086,8915,5940
201806,2019-10-04,7.76939,87825,1130397,7.38748,2299,15192,38606,,19527,8626,5874
201807,2019-10-04,6.81176,76210,1118800,6.44688,2227,13365,32124,,17203,8079,5439
201808,2019-10-04,5.15749,53025,1028116,4.95881,2272,10154,20450,,12437,5805,4179
201809,2019-10-04,3.55945,36064,1013191,3.68612,2208,7208,13392,,8485,4104,2875
201810,2019-10-04,3.00518,29133,969427,3.18626,2214,6368,10850,,6485,3138,2292
201811,2019-10-04,2.73038,25938,949978,2.76894,2201,5588,9468,,5928,2822,2132
201812,2019-10-04,2.47768,23805,960779,2.48706,2180,5223,8640,,5408,2563,1971
201813,2019-10-04,2.36314,20693,875658,2.40802,2144,4721,7214,,4720,2295,1743
201814,2019-10-04,2.03139,19074,938963,2.07483,2127,4553,6218,,4459,2153,1691
201815,2019-10-04,1.80376,16664,923848,1.77898,2086,4145,5505,,3749,1818,1447
201816,2019-10-04,1.58696,14869,936950,1.61487,2112,3856,5269,,3214,1427,1103
201817,2019-10-04,1.53801,14552,946160,1.5385,2088,3723,5336,,3026,1371,1096
201818,2019-10-04,1.44974,13291,916783,1.52612,2018,3658,4815,,2604,1217,997
201819,2019-10-04,1.27729,11619,909661,1.28847,1933,3444,4133,,2205,935,902
201820,2019-10-04,1.22051,11066,906668,1.18344,1977,3359,3764,,2239,905,799
201821,2019-10-04,1.23235,10646,863879,1.24919,1896,3385,3429,,2082,884,866
201822,2019-10-04,1.223,9608,785606,1.14131,1802,3220,2987,,1822,846,733
201823,2019-10-04,1.0473,8693,830040,0.9878,1798,2847,2552,,1838,802,654
201824,2019-10-04,0.978113,7573,774246,0.895565,1753,2375,2245,,1596,699,658
201825,2019-10-04,0.947548,7373,778114,0.892204,1773,2312,2162,,1554,729,616
201826,2019-10-04,0.867554,6947,800757,0.877184,1736,2206,1916,,1530,669,626
201827,2019-10-04,0.82328,6258,760130,0.780203,1780,2009,1862,,1299,539,549
201828,2019-10-04,0.771497,6501,842647,0.725075,1785,1943,1901,,1443,627,587
201829,2019-10-04,0.706819,5786,818597,0.68247,1748,1741,1720,,1290,566,469
201830,2019-10-04,0.685155,5497,802300,0.640393,1741,1665,1643,,1202,524,463
201831,2019-10-04,0.687351,5612,816468,0.639127,1724,1618,1769,,1246,525,454
201832,2019-10-04,0.735733,5861,796621,0.705637,1690,1726,1784,,1334,541,476
201833,2019-10-04,0.806048,6537,810994,0.707801,1725,1986,2170,,1387,516,478
201834,2019-10-04,0.944013,7323,775731,0.822659,1610,2239,2468,,1492,609,515
201835,2019-10-04,0.960101,8111,844807,0.859864,1681,2445,2830,,1638,656,542
201836,2019-10-04,1.14128,9530,835027,1.10083,1710,2814,3343,,1985,767,621
201837,2019-10-04,1.14784,10065,876862,1.15323,1708,2773,3660,,2112,829,691
201838,2019-10-04,1.31156,11189,853109,1.20178,1684,3242,3949,,2347,922,729
201839,2019-10-04,1.26102,11767,933130,1.2498,1710,3481,4198,,2488,931,669
201840,2020-10-02,1.41974,17975,1266076,1.41876,2611,4887,6341,,3886,1563,1298
201841,2020-10-02,1.473,18652,1266257,1.40077,2651,5332,6279,,4048,1667,1326
201842,2020-10-02,1.58968,19948,1254844,1.47139,2623,5589,6802,,4405,1752,1400
201843,2020-10-02,1.72208,21634,1256271,1.63634,2678,6249,7487,,4619,1835,1444
201844,2020-10-02,1.84114,23169,1258405,1.79125,2666,6869,8291,,4733,1825,1451
201845,2020-10-02,1.92692,24085,1249921,1.86871,2672,7509,8451,,4834,1840,1451
201846,2020-10-02,2.0852,24419,1171062,1.98121,2665,7821,8076,,5037,1998,1487
201847,2020-10-02,2.40063,24635,1026187,2.23487,2618,8607,7197,,5017,2112,1702
201848,2020-10-02,2.24479,29096,1296156,2.14572,2666,8890,8788,,6582,2758,2078
201849,2020-10-02,2.29962,28377,1233986,2.25134,2658,8809,9276,,5974,2456,1862
201850,2020-10-02,2.73181,33113,1212127,2.6411,2650,10156,11376,,6821,2779,1981
201851,2020-10-02,3.24012,38260,1180820,3.13478,2596,11515,12816,,8127,3322,2480
201852,2020-10-02,4.18077,44012,1052725,3.96538,2581,13615,12044,,10348,4471,3534
201901,2020-10-02,3.63095,42135,1160440,3.45972,2630,11686,9572,,11413,5204,4260
201902,2020-10-02,3.13643,38815,1237552,3.07558,2656,9369,10758,,10416,4826,3446
201903,2020-10-02,3.36213,41199,1225384,3.3258,2658,9703,14265,,10045,4235,2951
201904,2020-10-02,3.88115,46241,1191426,3.79773,2677,10765,16965,,11194,4457,2860
201905,2020-10-02,4.52235,55264,1222020,4.34227,2668,11628,22217,,13048,5116,3255
201906,2020-10-02,5.20091,69732,1340765,4.86953,2673,13899,29772,,15785,6174,4102
201907,2020-10-02,5.42034,70056,1292464,5.03689,2655,14246,29255,,15945,6333,4277
201908,2020-10-02,5.27078,66461,1260932,4.8812,2655,13634,26502,,15716,6124,4485
201909,2020-10-02,4.58991,58802,1281115,4.54791,2658,11647,23468,,13847,5706,4134
201910,2020-10-02,4.39714,55431,1260615,4.3762,2637,11168,21760,,13079,5368,4056
201911,2020-10-02,4.12777,53177,1288273,4.22692,2646,10986,20081,,12580,5353,4177
201912,2020-10-02,3.50278,45668,1303765,3.68251,2653,9721,16800,,10717,4532,3898
201913,2020-10-02,3.04819,37948,1244935,3.08559,2619,8644,13642,,8656,3811,3195
201914,2020-10-02,2.67984,32941,1229217,2.69831,2620,7606,11768,,7491,3274,2802
201915,2020-10-02,2.26612,27854,1229148,2.28676,2568,6754,10005,,6208,2568,2319
201916,2020-10-02,1.96484,23147,1178058,2.01217,2542,6325,7904,,4934,2108,1876
201917,2020-10-02,1.72201,20610,1196855,1.71323,2516,5698,6621,,4553,2000,1738
201918,2020-10-02,1.5728,18864,1199386,1.56678,2485,5369,6207,,4084,1667,1537
201919,2020-10-02,1.45718,17107,1173980,1.49827,2444,4789,5906,,3574,1480,1358
201920,2020-10-02,1.50332,16459,1094840,1.49961,2336,4649,5530,,3482,1437,1361
201921,2020-10-02,1.40257,15763,1123869,1.42123,2224,4601,5234,,3214,1347,1367
201922,2020-10-02,1.40358,14776,1052737,1.39258,2196,4442,4660,,3094,1279,1301
201923,2020-10-02,1.23749,13451,1086961,1.21697,2258,3937,4115,,2952,1242,1205
201924,2020-10-02,1.12161,12106,1079343,1.11266,2206,3506,3741,,2729,1051,1079
201925,2020-10-02,1.01276,10695,1056024,0.991888,2159,3056,3288,,2425,998,928
201926,2020-10-02,0.959768,10027,1044732,0.946401,2084,2955,3117,,2183,910,862
201927,2020-10-02,0.878917,8722,992358,0.874695,2154,2512,2726,,1911,797,776
201928,2020-10-02,0.794181,8425,1060841,0.809169,2111,2346,2661,,1882,799,737
201929,2020-10-02,0.766394,8116,1058986,0.75452,2154,2222,2571,,1862,757,704
201930,2020-10-02,0.748613,7787,1040191,0.732983,2140,2138,2466,,1805,763,615
201931,2020-10-02,0.757116,7884,1041320,0.725811,2151,2354,2438,,1830,658,604
201932,2020-10-02,0.770094,8060,1046625,0.754209,2167,2102,2392,,2042,766,758
201933,2020-10-02,0.833506,8994,1079056,0.729672,2200,2634,2831,,2047,788,694
201934,2020-10-02,0.94034,10103,1074399,0.839875,2170,2911,3503,,2211,762,716
201935,2020-10-02,1.08197,11904,1100212,0.989358,2193,3428,4244,,2559,896,777
201936,2020-10-02,1.20216,13188,1097022,1.1354,2217,3810,4548,,2927,1033,870
201937,2020-10-02,1.27291,14843,1166071,1.23124,2247,3912,5502,,3297,1173,959
201938,2020-10-02,1.3881,16001,1152730,1.24448,2224,4469,5678,,3577,1251,1026
201939,2020-10-02,1.49515,17453,1167311,1.3379,2211,4981,6121,,3882,1368,1101
201940,2021-10-08,1.50284,21916,1458307,1.49002,2912,6219,7658,,4827,1764,1448
201941,2021-10-08,1.59764,22954,1436748,1.59192,2942,6550,7638,,5148,2015,1603
201942,2021-10-08,1.73931,24886,1430800,1.72572,2966,7287,8292,,5548,2110,1649
201943,2021-10-08,1.86039,27419,1473831,1.83419,2997,7892,9349,,6080,2305,1793
201944,2021-10-08,2.01412,28910,1435369,2.04008,3005,8658,10068,,6143,2279,1762
201945,2021-10-08,2.36364,34586,1463253,2.39351,3022,10557,12551,,7182,2453,1843
201946,2021-10-08,2.64428,37732,1426928,2.63251,2991,11446,13671,,7905,2741,1969
201947,2021-10-08,2.97387,44161,1484969,2.89941,2987,12716,17058,,9138,3101,2148
201948,2021-10-08,3.45389,44044,1275199,3.41501,2993,14444,14821,,9209,3199,2371
201949,2021-10-08,3.31281,48904,1476208,3.2579,2995,13852,16397,,11947,3929,2779
201950,2021-10-08,3.86928,56444,1458774,3.94308,2958,14728,21877,,12822,4114,2903
201951,2021-10-08,5.02613,71594,1424436,5.06435,2926,18001,29182,,16227,4835,3349
201952,2021-10-08,7.15315,95757,1338669,7.06161,2917,24097,34004,,24617,7638,5401
202001,2021-10-08,6.21936,88731,1426691,5.90066,2970,21594,23392,,27655,9209,6881
202002,2021-10-08,5.06711,75614,1492251,4.9402,3002,15564,22756,,23634,8196,5464
202003,2021-10-08,5.35768,79783,1489132,5.33135,2995,16587,29668,,21413,7386,4729
202004,2021-10-08,6.02274,90150,1496826,6.07822,2997,18574,35275,,23658,7973,4670
202005,2021-10-08,6.87271,108307,1575900,6.74724,2995,20299,44117,,28889,9527,5475
202006,2021-10-08,7.08558,111361,1571657,6.80157,3005,20270,45513,,29823,10049,5706
202007,2021-10-08,6.22068,95418,1533883,6.11292,2969,17393,36909,,26428,9231,5457
202008,2021-10-08,5.61968,80559,1433517,5.52513,2984,15330,28531,,23189,8320,5189
202009,2021-10-08,5.10268,74823,1466346,5.12333,2947,13820,25490,,22127,8276,5110
202010,2021-10-08,5.28928,78779,1489410,5.26652,2913,13888,26396,,23906,8891,5698
202011,2021-10-08,6.28745,89607,1425172,5.66932,2847,14154,27756,,29667,11334,6696
202012,2021-10-08,7.35285,78584,1068755,6.38029,2810,10790,17512,,30818,12478,6986
202013,2021-10-08,6.22687,53142,853431,4.91692,2738,5129,8322,,22408,10825,6458
202014,2021-10-08,4.82995,36251,750546,3.78625,2696,2359,4852,,14964,8696,5380
202015,2021-10-08,3.47366,24974,718953,2.80122,2698,1496,3426,,9995,6043,4014
202016,2021-10-08,2.57391,18274,709970,2.12907,2679,1068,2667,,7427,4184,2928
202017,2021-10-08,2.02032,15164,750576,1.73315,2663,926,2317,,6339,3289,2293
202018,2021-10-08,1.6211,12821,790883,1.40939,2635,864,2098,,5292,2670,1897
202019,2021-10-08,1.35218,11058,817791,1.18657,2624,720,1883,,4588,2243,1624
202020,2021-10-08,1.23805,10480,846493,1.11444,2613,788,1960,,4112,2171,1449
202021,2021-10-08,1.07708,11416,1059901,1.00711,2963,900,2221,,4463,2208,1624
202022,2021-10-08,0.887647,9605,1082074,0.889878,2946,805,1893,,3568,1878,1461
202023,2021-10-08,0.820978,9318,1134988,0.815858,2925,801,1967,,3437,1704,1409
202024,2021-10-08,0.814955,9572,1174543,0.837779,2899,878,2139,,3452,1725,1378
202025,2021-10-08,0.951491,11866,1247096,0.929189,2935,1005,2679,,4709,2001,1472
202026,2021-10-08,1.20333,15490,1287264,1.13871,2892,1212,3487,,6240,2649,1902
202027,2021-10-08,1.38465,17826,1287401,1.27591,2888,1394,3965,,7027,3218,2222
202028,2021-10-08,1.47371,20043,1360037,1.34978,2913,1544,4092,,8011,3764,2632
202029,2021-10-08,1.43806,19250,1338613,1.34436,2887,1657,4070,,7522,3565,2436
202030,2021-10-08,1.21924,16523,1355190,1.22126,2948,1634,3554,,6101,3089,2145
202031,2021-10-08,1.1519,15514,1346820,1.15381,2986,1608,3493,,5705,2594,2114
202032,2021-10-08,1.05776,14103,1333292,1.0649,2945,1570,3268,,4974,2360,1931
202033,2021-10-08,0.980887,13131,1338686,0.979173,2965,1587,3141,,4482,2166,1755
202034,2021-10-08,0.959772,12900,1344069,0.967664,2923,1804,3263,,4285,1888,1660
202035,2021-10-08,0.972423,13138,1351058,1.00158,2957,1864,3942,,4026,1819,1487
202036,2021-10-08,0.915323,12232,1336359,0.917339,2907,1766,3574,,3738,1686,1468
202037,2021-10-08,0.97981,13001,1326890,1.02954,2894,1995,3806,,3969,1790,1441
202038,2021-10-08,0.956785,13005,1359239,0.975797,2921,2068,3609,,4057,1788,1483
202039,2021-10-08,1.0348,14457,1397083,1.0586,2919,2273,4311,,4385,1930,1558
202040,2022-10-07,1.07453,16570,1542071,1.0872,3332,2467,4748,,5122,2376,1857
202041,2022-10-07,1.18497,19194,1619788,1.20898,3373,2562,5258,,6035,3012,2327
202042,2022-10-07,1.09042,17281,1584807,1.10874,3351,2316,4631,,5674,2554,2106
202043,2022-10-07,1.14934,18187,1582393,1.18588,3377,2457,4852,,5864,2834,2180
202044,2022-10-07,1.1881,18612,1566538,1.25,3471,2515,4924,,6101,2770,2302
202045,2022-10-07,1.33548,21410,1603163,1.43782,3470,2727,5837,,7094,3291,2461
202046,2022-10-07,1.37797,22623,1641763,1.48426,3436,2776,5549,,7686,3736,2876
202047,2022-10-07,1.4268,22722,1592518,1.54717,3376,2693,5342,,7829,3960,2898
202048,2022-10-07,1.49601,21320,1425127,1.60668,3378,2485,4585,,7094,3962,3194
202049,2022-10-07,1.44878,22305,1539568,1.56586,3382,2604,4875,,7698,3988,3140
202050,2022-10-07,1.4297,22219,1554103,1.52073,3400,2567,4726,,7530,4073,3323
202051,2022-10-07,1.39828,20886,1493692,1.50659,3340,2482,4282,,7131,3846,3145
202052,2022-10-07,1.45723,19852,1362314,1.55413,3343,2323,3564,,6632,3925,3408
202053,2022-10-07,1.5383,22436,1458493,1.5907,3322,2585,3934,,7729,4520,3668
202101,2022-10-07,1.43493,22720,1583355,1.47569,3358,2414,4549,,7979,4363,3415
202102,2022-10-07,1.26364,19194,1518947,1.29196,3332,2380,4056,,6402,3525,2831
202103,2022-10-07,1.21094,18353,1515597,1.25191,3356,2566,4056,,5878,3311,2542
202104,2022-10-07,1.12256,16910,1506379,1.10337,3367,2560,3955,,5345,2810,2240
202105,2022-10-07,1.08197,16101,1488119,1.16554,3337,2636,4015,,4996,2527,1927
202106,2022-10-07,0.974818,14108,1447245,1.00745,3288,2557,3736,,4103,2136,1576
202107,2022-10-07,0.907497,12602,1388655,0.986987,3297,2320,3146,,3710,1922,1504
202108,2022-10-07,0.860475,13347,1551120,0.862967,3318,2544,3541,,3841,1900,1521
202109,2022-10-07,0.842691,13017,1544694,0.82875,3319,2773,3544,,3536,1813,1351
202110,2022-10-07,0.903419,14098,1560517,0.883305,3325,3220,3811,,3785,1906,1376
202111,2022-10-07,0.939582,14580,1551754,0.90874,3268,3515,3856,,3940,1909,1360
202112,2022-10-07,0.960224,15359,1599523,0.948022,3242,3817,3915,,4216,2057,1354
202113,2022-10-07,0.998001,15994,1602603,0.974936,3301,4116,4089,,4395,2129,1265
202114,2022-10-07,1.07813,18148,1683278,1.06411,3323,4740,4692,,5062,2290,1364
202115,2022-10-07,1.10911,19177,1729037,1.08168,3324,5227,4909,,5292,2364,1385
202116,2022-10-07,1.15017,19313,1679142,1.10339,3290,5764,5095,,4859,2143,1452
202117,2022-10-07,1.1826,20134,1702520,1.13164,3303,6335,5517,,4818,2045,1419
202118,2022-10-07,1.20847,19937,1649771,1.1483,3272,6822,5403,,4620,1803,1289
202119,2022-10-07,1.25476,20373,1623653,1.19144,3255,7366,5492,,4364,1843,1308
202120,2022-10-07,1.26333,21266,1683332,1.24686,3233,8352,5414,,4421,1745,1334
202121,2022-10-07,1.19113,19685,1652632,1.14576,3184,7953,4967,,3990,1596,1179
202122,2022-10-07,1.25152,20152,1610198,1.18405,3182,8502,4856,,3978,1576,1240
202123,2022-10-07,1.14539,19188,1675241,1.12999,3148,8097,4646,,3692,1528,1225
202124,2022-10-07,1.18507,19672,1659980,1.19103,3107,8536,4619,,3805,1515,1197
202125,2022-10-07,1.21019,19896,1644041,1.21258,3093,8514,4611,,3815,1652,1304
202126,2022-10-07,1.2128,20103,1657572,1.2132,3092,8369,4757,,4006,1678,1293
202127,2022-10-07,1.32915,22376,1683488,1.26708,3094,8719,5310,,4860,1978,1509
202128,2022-10-07,1.44259,25263,1751226,1.38688,3103,9193,5930,,6030,2400,1710
202129,2022-10-07,1.70922,30554,1787598,1.64767,3102,10372,7171,,7962,2899,2150
202130,2022-10-07,1.90931,35221,1844702,1.799,3088,11144,8575,,9254,3618,2630
202131,2022-10-07,2.05205,37762,1840212,1.94947,3085,11102,8901,,10547,4328,2884
202132,2022-10-07,2.15537,40069,1859035,2.03512,3079,11264,10105,,11227,4556,2917
202133,2022-10-07,2.30346,42753,1856032,2.19023,3071,11809,12282,,11022,4744,2896
202134,2022-10-07,2.30735,43062,1866295,2.23843,3066,11982,13529,,10384,4341,2826
202135,2022-10-07,2.2523,40878,1814941,2.26655,3067,11745,13057,,9562,3889,2625
202136,2022-10-07,2.21305,39438,1782067,2.21303,3057,11711,12253,,9090,3738,2646
202137,2022-10-07,2.00533,36222,1806283,2.04664,3095,11254,11583,,7783,3296,2306
202138,2022-10-07,1.93726,34019,1756033,1.9014,3076,10928,11397,,6861,2768,2065
202139,2022-10-07,1.84254,30002,1628298,1.84504,2919,10142,10065,,5638,2320,1837
202140,2023-10-06,1.96383,39606,2016770,2.03726,3590,13160,13177,,7483,3206,2580
202141,2023-10-06,1.90565,37639,1975130,1.94864,3580,13073,11987,,7121,2973,2485
202142,2023-10-06,1.86005,35684,1918446,1.92538,3538,12494,11448,,6452,2940,2350
202143,2023-10-06,1.89307,36616,1934216,1.9789,3572,12858,11881,,6669,2850,2358
202144,2023-10-06,2.08583,39986,1917029,2.1334,3578,13295,14444,,6961,2918,2368
202145,2023-10-06,2.22432,44242,1989010,2.25788,3601,14559,15933,,7836,3190,2724
202146,2023-10-06,2.35599,47047,1996913,2.41079,3591,14735,17350,,8519,3635,2808
202147,2023-10-06,2.45722,43297,1762035,2.51762,3584,14913,13394,,8173,3715,3102
202148,2023-10-06,2.56131,52671,2056405,2.55244,3608,15161,17338,,11287,4880,4005
202149,2023-10-06,2.71523,55027,2026604,2.72476,3613,14968,19950,,11367,4856,3886
202150,2023-10-06,3.09817,62539,2018579,3.14645,3584,16285,23449,,13614,5230,3961
202151,2023-10-06,4.07763,79184,1941911,4.00686,3564,18514,25049,,22550,7767,5304
202152,2023-10-06,5.07044,113921,2246767,4.90468,3532,24118,28970,,38319,13517,8997
202201,2023-10-06,4.28249,93323,2179176,4.32906,3562,17048,24806,,31466,12064,7939
202202,2023-10-06,3.41512,69158,2025052,3.5344,3568,12222,20205,,21822,8731,6178
202203,2023-10-06,2.68756,48685,1811493,2.82024,3573,9526,13305,,15080,6219,4555
202204,2023-10-06,1.96884,34720,1763472,2.06558,3554,7300,9503,,9847,4562,3508
202205,2023-10-06,1.55907,25809,1655407,1.68092,3488,6083,7740,,6418,3016,2552
202206,2023-10-06,1.33898,23719,1771418,1.44022,3548,6395,7604,,5166,2401,2153
202207,2023-10-06,1.37013,23930,1746548,1.48974,3545,6915,8497,,4640,2080,1798
202208,2023-10-06,1.369,23620,1725348,1.46266,3546,7065,8336,,4638,1814,1767
202209,2023-10-06,1.42265,25789,1812738,1.58728,3541,7422,9827,,5004,1862,1674
202210,2023-10-06,1.54633,28073,1815454,1.70339,3563,8209,11091,,5054,1949,1770
202211,2023-10-06,1.6781,31342,1867703,1.83335,3535,9041,12118,,5909,2199,2075
202212,2023-10-06,1.73106,32433,1873589,1.87057,3531,9306,12647,,5974,2337,2169
202213,2023-10-06,1.85385,34811,1877763,1.97612,3518,9612,13658,,6754,2382,2405
202214,2023-10-06,1.99356,38128,1912563,2.07126,3526,10560,15181,,7268,2571,2548
202215,2023-10-06,2.12932,40953,1923288,2.16302,3518,11334,16092,,7834,2865,2828
202216,2023-10-06,2.1826,42072,1927606,2.20418,3530,11732,15745,,8310,3170,3115
202217,2023-10-06,2.21199,44980,2033467,2.24681,3520,12656,16956,,8682,3350,3336
202218,2023-10-06,2.41398,47787,1979594,2.3613,3442,12834,18627,,9398,3607,3321
202219,2023-10-06,2.58986,53380,2061117,2.48314,3465,14818,20490,,10334,3886,3852
202220,2023-10-06,2.60388,54062,2076213,2.45354,3449,15053,20742,,10453,3980,3834
202221,2023-10-06,2.64837,53992,2038685,2.39624,3409,15267,20530,,10405,4075,3715
202222,2023-10-06,2.6443,51879,1961919,2.4335,3381,15815,17513,,10585,4063,3903
202223,2023-10-06,2.29319,45240,1972798,2.16334,3373,14154,13726,,9654,3941,3765
202224,2023-10-06,2.07391,40250,1940774,1.98842,3335,12858,11205,,8941,3665,3581
202225,2023-10-06,1.91799,37830,1972377,1.87678,3387,11865,9933,,8676,3736,3620
202226,2023-10-06,1.80161,34570,1918841,1.80274,3267,11066,8513,,8006,3524,3461
202227,2023-10-06,1.79341,34995,1951308,1.81978,3379,10585,8593,,8382,3699,3736
202228,2023-10-06,1.66862,33011,1978336,1.67886,3346,9525,8111,,8324,3546,3505
202229,2023-10-06,1.64675,32613,1980449,1.65939,3348,9361,8116,,8219,3485,3432
202230,2023-10-06,1.64792,32040,1944269,1.67083,3323,9153,7859,,8056,3485,3487
202231,2023-10-06,1.51365,29647,1958644,1.52259,3346,8661,7477,,7297,3105,3107
202232,2023-10-06,1.51374,28923,1910699,1.50755,3285,8392,7907,,6892,2828,2904
202233,2023-10-06,1.6191,31572,1949974,1.60507,3329,9479,9934,,6659,2819,2681
202234,2023-10-06,1.80999,35788,1977251,1.83793,3318,10793,12593,,7079,2730,2593
202235,2023-10-06,1.89497,37529,1980457,1.96433,3299,11526,13893,,6987,2671,2452
202236,2023-10-06,1.94821,38334,1967653,2.02422,3324,12548,13475,,6978,2701,2632
202237,2023-10-06,1.9706,39760,2017659,2.0351,3350,13400,14579,,6735,2606,2440
202238,2023-10-06,2.19756,44666,2032523,2.28352,3361,15938,16694,,6906,2648,2480
202239,2023-10-06,2.29168,46154,2013977,2.36029,3383,17047,16768,,6911,2784,2644
202240,2024-10-04,2.59379,57318,2209814,2.61257,3684,18503,20141,,10718,4094,3862
202241,2024-10-04,2.85133,63388,2223106,3.00763,3720,20623,22779,,11519,4394,4073
202242,2024-10-04,3.31688,75615,2279700,3.31975,3726,23713,28368,,13719,5303,4512
202243,2024-10-04,4.4466,109496,2462467,4.3682,3788,32012,45003,,19586,7037,5858
202244,2024-10-04,5.54702,139247,2510305,5.42144,3776,37474,61015,,25460,8469,6829
202245,2024-10-04,5.67263,140055,2468962,5.73522,3793,38651,57053,,26941,9791,7619
202246,2024-10-04,5.73531,137419,2396019,5.91793,3777,34849,55229,,28672,10171,8498
202247,2024-10-04,7.37142,164936,2237505,7.42531,3765,39539,62925,,36157,13876,12439
202248,2024-10-04,7.24012,185673,2564503,7.21822,3767,38495,63623,,48042,18626,16887
202249,2024-10-04,6.82928,167248,2448985,6.87034,3750,32316,62563,,40778,16557,15034
202250,2024-10-04,6.46231,151672,2347026,6.29772,3751,28976,55613,,38007,15506,13570
202251,2024-10-04,6.1412,129978,2116491,6.00293,3715,25500,41624,,34587,14564,13703
202252,2024-10-04,5.46656,112531,2058533,5.33838,3703,22891,27251,,31974,14961,15454
202301,2024-10-04,4.07732,92034,2257219,3.93482,3740,16651,21006,,27662,13549,13166
202302,2024-10-04,3.05773,67720,2214718,2.94553,3737,12231,18061,,19912,9135,8381
202303,2024-10-04,2.70671,57770,2134322,2.63811,3730,11720,16915,,15844,7000,6291
202304,2024-10-04,2.67225,58231,2179097,2.62522,3716,12170,18680,,15618,6410,5353
202305,2024-10-04,2.68591,59326,2208786,2.58477,3734,12686,19751,,15506,6113,5270
202306,2024-10-04,2.70465,62258,2301891,2.59148,3735,13271,20964,,15921,6469,5633
202307,2024-10-04,2.6371,59665,2262519,2.5701,3695,13127,19818,,15055,6263,5402
202308,2024-10-04,2.58651,57223,2212367,2.52707,3719,13478,18410,,13880,6054,5401
202309,2024-10-04,2.44348,55682,2278801,2.40469,3725,12693,18281,,13849,5769,5090
202310,2024-10-04,2.40445,54686,2274369,2.3571,3722,12840,18388,,13379,5365,4714
202311,2024-10-04,2.43524,54263,2228243,2.3545,3713,13086,17814,,13264,5298,4801
202312,2024-10-04,2.41343,55394,2295244,2.31096,3665,13043,18685,,13685,5286,4695
202313,2024-10-04,2.34891,53342,2270922,2.25771,3688,12413,18078,,13208,5005,4638
202314,2024-10-04,2.20628,48355,2191695,2.12953,3680,11586,15673,,11976,4783,4337
202315,2024-10-04,2.0726,46725,2254413,2.01047,3665,11151,14832,,11853,4552,4337
202316,2024-10-04,1.95437,44507,2277306,1.90776,3680,9912,14788,,11388,4361,4058
202317,2024-10-04,1.97315,44802,2270577,1.90393,3677,10041,15803,,11176,4133,3649
202318,2024-10-04,2.0174,45582,2259439,1.93608,3652,10013,16115,,11224,4283,3947
202319,2024-10-04,1.99349,45769,2295923,1.90846,3654,10187,16725,,11067,4072,3718
202320,2024-10-04,1.96616,43287,2201602,1.88236,3653,9740,15517,,10697,3875,3458
202321,2024-10-04,1.91398,41516,2169098,1.83328,3518,9389,14611,,10386,3640,3490
202322,2024-10-04,1.93826,41589,2145684,1.83857,3601,9568,14220,,10413,3845,3543
202323,2024-10-04,1.69283,36939,2182091,1.57748,3583,8309,11628,,9954,3622,3426
202324,2024-10-04,1.57462,33880,2151633,1.48614,3589,7741,10223,,9289,3447,3180
202325,2024-10-04,1.44401,30889,2139112,1.36472,3582,6998,8941,,8727,3236,2987
202326,2024-10-04,1.32385,28486,2151758,1.27095,3539,6388,8012,,8130,3046,2910
202327,2024-10-04,1.29091,26648,2064286,1.22553,3569,5944,7475,,7472,2940,2817
202328,2024-10-04,1.20177,25903,2155400,1.15793,3542,5608,7043,,7567,2925,2760
202329,2024-10-04,1.19268,25802,2163359,1.12685,3560,5718,6836,,7476,2931,2841
202330,2024-10-04,1.23085,26417,2146245,1.16805,3551,5812,7046,,7475,3137,2947
202331,2024-10-04,1.26099,26896,2132922,1.20299,3542,5678,6966,,7979,3273,3000
202332,2024-10-04,1.35931,29313,2156467,1.27357,3521,5982,7764,,8642,3560,3365
202333,2024-10-04,1.53965,33663,2186399,1.44821,3533,6688,9759,,9791,3784,3641
202334,2024-10-04,1.8262,40979,2243946,1.70391,3524,8234,13151,,11256,4300,4038
202335,2024-10-04,1.97735,44411,2245988,1.93305,3537,8980,14664,,11792,4630,4345
202336,2024-10-04,2.0246,44734,2209523,2.00204,3538,9546,14159,,11819,4621,4589
202337,2024-10-04,1.99147,45287,2274050,1.94047,3558,9485,14904,,11798,4699,4401
202338,2024-10-04,2.13438,48265,2261308,2.03761,3558,10912,16162,,11970,4711,4510
202339,2024-10-04,2.17945,49269,2260617,2.08992,3552,11376,16110,,12299,4934,4550
202340,2025-09-26,2.26141,56309,2489991,2.27908,4103,13519,19001,,13441,5294,5054
202341,2025-09-26,2.31454,57503,2484429,2.33755,4124,14419,18593,,13964,5431,5096
202342,2025-09-26,2.51633,62457,2482069,2.52242,4105,15704,20290,,14454,5814,6195
202343,2025-09-26,2.68605,67774,2523186,2.71275,4135,16986,22514,,15480,6082,6712
202344,2025-09-26,2.91431,72208,2477704,2.94538,4126,17793,24797,,16585,6337,6696
202345,2025-09-26,3.32818,85458,2567706,3.40957,4122,21464,29463,,19331,7439,7761
202346,2025-09-26,3.5748,90973,2544844,3.6903,4129,22031,30863,,21568,8086,8425
202347,2025-09-26,3.79115,85522,2255831,3.92958,4141,22396,25939,,20391,8378,8418
202348,2025-09-26,3.96202,103664,2616442,4.03334,4111,22638,30346,,28337,11136,11207
202349,2025-09-26,4.35865,114169,2619366,4.38382,4073,23367,38203,,29030,12200,11369
202350,2025-09-26,5.21105,136079,2611355,5.18426,4093,26102,48365,,35036,14003,12573
202351,2025-09-26,6.31482,163310,2586137,6.23157,4062,29797,53504,,45268,18114,16627
202352,2025-09-26,6.90944,166197,2405363,6.7962,4043,31368,41682,,49904,21635,21608
202401,2025-09-26,5.76408,143950,2497365,5.71536,4078,24691,32324,,47024,20529,19382
202402,2025-09-26,4.7532,118061,2483819,4.66576,4064,18090,31314,,36949,16352,15356
202403,2025-09-26,4.35295,100111,2299842,4.32446,4084,16160,29171,,30578,12643,11559
202404,2025-09-26,4.22481,105578,2498999,4.22972,4110,16238,34392,,31797,12498,10653
202405,2025-09-26,4.27996,107946,2522125,4.42065,4093,17275,38578,,30429,11603,10061
202406,2025-09-26,4.40158,112984,2566895,4.45705,4095,17971,41796,,31617,11550,10050
202407,2025-09-26,4.33696,108413,2499747,4.35511,4088,17414,39008,,30780,11242,9969
202408,2025-09-26,4.32386,107398,2483847,4.33545,4073,17611,37089,,31223,11309,10166
202409,2025-09-26,4.09674,104700,2555691,4.0587,4058,17307,35950,,30505,11037,9901
202410,2025-09-26,3.74694,94776,2529424,3.72797,4077,16504,33084,,26658,9708,8822
202411,2025-09-26,3.40146,84989,2498605,3.39722,4022,15886,29174,,23711,8472,7746
202412,2025-09-26,3.15473,78492,2488074,3.08528,4069,15075,26537,,21956,7812,7112
202413,2025-09-26,3.03883,73783,2428005,2.97703,4060,14416,23569,,21208,7490,7100
202414,2025-09-26,2.83202,68552,2420608,2.76586,4049,13933,20521,,20152,7159,6787
202415,2025-09-26,2.59248,64523,2488849,2.53824,4064,13273,19776,,18246,6845,6383
202416,2025-09-26,2.29479,57547,2507721,2.24747,4046,11850,18343,,15637,5942,5775
202417,2025-09-26,2.24787,55418,2465351,2.19144,4020,11393,18200,,14892,5642,5291
202418,2025-09-26,2.14622,53521,2493729,2.09931,3976,11132,17618,,14266,5364,5141
202419,2025-09-26,2.04206,50413,2468736,2.00488,4018,10360,16453,,13410,5172,5018
202420,2025-09-26,2.03606,49410,2426743,1.97657,3967,10406,15797,,13165,5051,4991
202421,2025-09-26,1.95861,47573,2428922,1.90707,3921,9846,14632,,12852,5281,4962
202422,2025-09-26,1.92202,44745,2328017,1.87651,3907,9662,13377,,11925,4833,4948
202423,2025-09-26,1.72659,41225,2387650,1.66065,3886,8272,11482,,11763,4803,4905
202424,2025-09-26,1.60594,37749,2350585,1.58178,3883,7428,10240,,10852,4591,4638
202425,2025-09-26,1.54276,35810,2321170,1.49244,3881,6737,9063,,10989,4334,4687
202426,2025-09-26,1.49763,35224,2351985,1.4663,3823,6270,9104,,10632,4530,4688
202427,2025-09-26,1.44721,32130,2220134,1.37639,3865,5818,8091,,9483,4037,4701
202428,2025-09-26,1.44812,35017,2418108,1.45548,3852,6105,8834,,10810,4636,4632
202429,2025-09-26,1.43633,33357,2322374,1.45233,3798,5708,8308,,10232,4481,4628
202430,2025-09-26,1.50432,34816,2314401,1.52211,3879,6025,8686,,10737,4552,4816
202431,2025-09-26,1.4951,35019,2342255,1.53543,3889,6014,8946,,10829,4451,4779
202432,2025-09-26,1.50508,35085,2331105,1.53984,3878,6283,9107,,10776,4309,4610
202433,2025-09-26,1.56538,37049,2366776,1.56577,3888,6611,10514,,10927,4425,4572
202434,2025-09-26,1.76294,41839,2373251,1.76988,3890,7612,13436,,11679,4542,4570
202435,2025-09-26,1.88944,45676,2417432,1.93414,3890,8436,15731,,12221,4555,4733
202436,2025-09-26,1.90808,44740,2344763,1.9202,3898,8653,14746,,12074,4689,4578
202437,2025-09-26,1.90654,46654,2447051,1.95528,3844,8863,15823,,12549,4677,4742
202438,2025-09-26,1.94807,48504,2489845,1.95303,3902,9493,17190,,12319,4737,4765
202439,2025-09-26,1.93698,46846,2418511,1.93495,3877,9467,16115,,12155,4627,4482
202440,2026-10-09,1.8485,49676,2687374,1.90509,4253,10165,17720,,12448,4647,4696
202441,2026-10-09,1.94416,51656,2656989,2.02014,4271,10726,18612,,12821,4827,4670
202442,2026-10-09,2.00964,53461,2660225,2.07037,4267,11015,19379,,13399,4897,4771
202443,2026-10-09,2.15518,59814,2775354,2.22044,4269,12585,22748,,14378,5110,4993
202444,2026-10-09,2.23339,61076,2734678,2.31725,4211,13397,22160,,15153,5330,5036
202445,2026-10-09,2.38624,65983,2765142,2.4719,4258,15050,23541,,16209,5788,5395
202446,2026-10-09,2.57543,69293,2690545,2.6917,4273,16289,24586,,16715,6144,5559
202447,2026-10-09,2.78848,75862,2720548,2.88949,4237,18034,27250,,18031,6684,5863
202448,2026-10-09,3.12363,73943,2367211,3.18283,4252,19868,23723,,17397,6559,6396
202449,2026-10-09,3.24407,87437,2695286,3.318,4252,19972,27032,,22750,8830,8853
202450,2026-10-09,3.6863,100758,2733307,3.78793,4251,22152,33756,,25094,9921,9835
202451,2026-10-09,4.80631,133012,2767445,4.94489,4221,28860,45537,,33712,12696,12207
202452,2026-10-09,6.66381,167411,2512241,6.74349,4217,37435,48174,,44780,18423,18599
202501,2026-10-09,6.16668,164458,2666881,6.25398,4247,33451,37513,,48596,21824,23074
202502,2026-10-09,5.29401,139494,2634939,5.30512,4243,23592,35821,,42897,19312,17872
202503,2026-10-09,5.69117,156729,2753898,5.74558,4258,26014,50231,,44103,19130,17251
202504,2026-10-09,6.85658,179704,2620898,6.98693,4263,30197,59340,,51025,21132,18010
202505,2026-10-09,7.42518,214625,2890504,7.79898,4261,32918,72398,,59976,26107,23226
202506,2026-10-09,7.70557,222652,2889494,7.84378,4250,35164,76137,,59740,26664,24947
202507,2026-10-09,7.05953,192807,2731160,6.93692,4258,29512,62336,,52696,24317,23946
202508,2026-10-09,6.01799,156808,2605653,5.90072,4245,24727,46519,,44764,20323,20475
202509,2026-10-09,4.83865,133099,2750746,4.87406,4242,20599,39077,,37605,17523,18295
202510,2026-10-09,4.26517,114116,2675535,4.26679,4237,18328,35647,,31463,14139,14539
202511,2026-10-09,3.86406,103496,2678425,3.81006,4218,17084,32943,,28417,12435,12617
202512,2026-10-09,3.30602,87568,2648741,3.25232,4204,15049,28068,,24061,9986,10404
202513,2026-10-09,2.95371,77150,2611965,2.89999,4214,13724,25244,,21395,8344,8443
202514,2026-10-09,2.59783,66660,2565984,2.56142,4199,12006,21715,,18536,7274,7129
202515,2026-10-09,2.3754,61066,2570768,2.41066,4212,11722,19908,,16617,6434,6385
202516,2026-10-09,2.21114,56759,2566953,2.26966,4201,11255,17819,,15597,5951,6137
202517,2026-10-09,2.09482,54691,2610776,2.16654,4195,11081,16571,,15191,5780,6068
202518,2026-10-09,1.94585,50062,2572762,1.99958,4142,10325,15653,,13307,5187,5590
202519,2026-10-09,1.83422,47467,2587864,1.89657,4167,9851,15007,,12410,4982,5217
202520,2026-10-09,1.79243,46500,2594238,1.86402,4153,10013,14668,,12011,4824,4984
202521,2026-10-09,1.75584,44991,2562363,1.8161,4126,9743,13765,,11765,4733,4985
202522,2026-10-09,1.76659,43368,2454893,1.82615,4131,9683,12262,,11647,4747,5029
202523,2026-10-09,1.56093,39019,2499733,1.6042,4005,8244,10176,,11094,4565,4940
202524,2026-10-09,1.38411,34363,2482683,1.4049,4111,7520,8525,,9740,4183,4395
202525,2026-10-09,1.28407,31433,2447914,1.31999,4105,6489,7627,,9073,3922,4322
202526,2026-10-09,1.16319,28825,2478105,1.17989,4097,5997,6928,,8296,3665,3939
202527,2026-10-09,1.08705,25535,2349012,1.108,4093,5123,6201,,7384,3205,3622
202528,2026-10-09,1.05602,26359,2496062,1.15638,4049,5092,6366,,7927,3306,3668
202529,2026-10-09,1.01061,24765,2450508,1.05736,4046,4516,5945,,7510,3255,3539
202530,2026-10-09,1.00323,25096,2501517,1.03242,4068,4657,6110,,7831,3130,3368
202531,2026-10-09,1.02067,25181,2467098,1.05832,4006,4557,6154,,7829,3193,3448
202532,2026-10-09,1.10207,27257,2473257,1.14965,4075,4848,6761,,8506,3442,3700
202533,2026-10-09,1.15642,29175,2522881,1.21395,4003,4958,7815,,8984,3645,3773
202534,2026-10-09,1.41647,35042,2473905,1.45765,4051,6042,10750,,10274,3932,4044
202535,2026-10-09,1.6592,41515,2502107,1.79113,3987,7034,13538,,11874,4498,4571
202536,2026-10-09,1.69183,42038,2484768,1.80315,4054,7347,12826,,12243,4729,4893
202537,2026-10-09,1.65887,42083,2536855,1.75434,4012,7173,13114,,12185,4738,4873
202538,2026-10-09,1.62581,41955,2580563,1.72128,4053,7638,13245,,11670,4567,4835
202539,2026-10-09,1.55805,39771,2552619,1.68219,4032,7511,12223,,11159,4222,4656
202540,2026-10-09,1.54804,41537,2683194,1.61167,4327,8396,12990,,11228,4348,4575
202541,2026-10-09,1.57545,41510,2634800,1.63607,4337,8603,12955,,11010,4355,4587
202542,2026-10-09,1.61578,41968,2597381,1.6992,4337,8948,12977,,11101,4372,4570
202543,2026-10-09,1.68214,44224,2629033,1.74036,4343,9356,13882,,11610,4592,4784
202544,2026-10-09,1.78284,45672,2561759,1.82557,4340,9874,14885,,11637,4592,4684
202545,2026-10-09,2.06293,54426,2638288,2.12189,4355,11462,19118,,13590,5194,5062
202546,2026-10-09,2.17753,56901,2613100,2.26336,4348,11849,19459,,14287,5524,5782
202547,2026-10-09,2.477,66246,2674442,2.52529,4371,13075,23947,,16466,6369,6389
202548,2026-10-09,3.05557,70436,2305170,2.96755,4341,15470,24259,,17000,6577,7130
202549,2026-10-09,3.29409,87225,2647927,3.28462,4338,16176,28956,,23376,9234,9483
202550,2026-10-09,4.2678,114301,2678221,4.11906,4361,19815,44856,,27870,10387,11373
202551,2026-10-09,6.20547,172014,2771975,6.00523,4339,29055,70067,,41425,14840,16627
202552,2026-10-09,8.49567,215792,2540023,8.29853,4317,40647,72043,,53787,21240,28075
202553,2026-10-09,7.25224,187831,2589972,7.16834,4302,33958,44258,,53576,22722,33317
202601,2026-10-09,5.21799,147058,2818289,5.29497,4337,21550,37166,,44013,19468,24861
202602,2026-10-09,4.31153,115067,2668822,4.38293,4326,19105,35698,,30948,13634,15682
202603,2026-10-09,4.36709,109967,2518082,4.72432,4318,19472,38132,,28556,11158,12649
202604,2026-10-09,4.2764,103605,2422714,4.4268,4331,17983,36136,,27638,10488,11360
202605,2026-10-09,4.25535,110896,2606036,4.61316,4307,18097,41246,,29044,10951,11558
202606,2026-10-09,4.39044,118239,2693101,4.57281,4320,19332,44748,,30298,11583,12278
202607,2026-10-09,4.27982,113691,2656443,4.42213,4333,19505,42547,,29373,10734,11532
202608,2026-10-09,3.76888,100314,2661637,3.87476,4334,16678,36577,,26918,9758,10383
202609,2026-10-09,3.61326,98549,2727427,3.7067,4334,16919,38259,,25088,8954,9329
202610,2026-10-09,3.23146,87707,2714162,3.26681,4306,15831,33630,,22247,7955,8044
202611,2026-10-09,2.86159,74855,2615854,2.90075,4316,13934,27503,,19566,6899,6953
202612,2026-10-09,2.63817,70433,2669763,2.65042,4305,13298,25473,,18641,6385,6636
202613,2026-10-09,2.37885,61227,2573809,2.37307,4207,12005,20996,,16430,5711,6085
202614,2026-10-09,2.06819,53171,2570900,2.09566,4198,10609,16575,,14978,5432,5577
202615,2026-10-09,1.85998,49891,2682345,1.88364,4303,9711,15465,,14012,5079,5624
202616,2026-10-09,1.77792,47103,2649327,1.82155,4286,9133,15401,,12862,4689,5018
202617,2026-10-09,1.71854,45082,2623273,1.76016,4241,8640,15013,,12272,4470,4687
202618,2026-10-09,1.66841,43740,2621653,1.76462,4272,8426,14225,,11916,4439,4734
202619,2026-10-09,1.66422,43727,2627479,1.74194,4265,8426,13668,,12285,4563,4785
202620,2026-10-09,1.5211,39852,2619954,1.5853,4227,8023,11766,,11169,4319,4575
202621,2026-10-09,1.48512,37661,2535891,1.56833,4216,7871,10240,,10636,4140,4774
202622,2026-10-09,1.33358,34423,2581255,1.39262,4182,7211,8895,,9952,3945,4420
202623,2026-10-09,1.1796,30270,2566122,1.23565,4152,6569,7501,,8737,3519,3944
202624,2026-10-09,1.088,27626,2539151,1.1263,4177,6119,6733,,7888,3234,3652
202625,2026-10-09,1.01252,25439,2512450,1.04376,4156,5250,6050,,7570,3050,3519
202626,2026-10-09,0.969322,23236,2397140,0.997773,4148,4833,5492,,6808,2787,3316
202627,2026-10-09,0.914225,23448,2564796,0.940967,4106,4542,5509,,7080,3044,3273
202628,2026-10-09,0.8664,21943,2532664,0.902705,4105,4286,5222,,6623,2759,3053
202629,2026-10-09,0.82035,20336,2478942,0.871219,4006,3994,4676,,6119,2528,3019
202630,2026-10-09,0.822564,20242,2460843,0.866443,3997,3874,4616,,6165,2509,3078
202631,2026-10-09,0.83076,20452,2461841,0.873229,4012,3929,4945,,6085,2569,2924
202632,2026-10-09,0.888185,22235,2503421,0.954802,4007,4107,5720,,6688,2772,2948
202633,2026-10-09,1.06773,26737,2504109,1.13146,3867,5052,7886,,7552,2956,3291
202634,2026-10-09,1.26587,33127,2616942,1.35586,4038,6076,10656,,9182,3576,3637
202635,2026-10-09,1.40679,36678,2607216,1.53043,4036,6530,11703,,10223,3910,4312
202636,2026-10-09,1.48943,37809,2538496,1.58903,4032,6943,11058,,10786,4282,4740
202637,2026-10-09,1.58842,41178,2592380,1.64502,4036,7354,11987,,11536,4922,5379
202638,2026-10-09,1.67546,44224,2639512,1.74685,4028,7950,12847,,12102,5365,5960
202639,2026-10-09,1.8285,47389,2591693,1.84605,4006,8686,13594,,12730,5733,6646
